target_index,target_concept,count,embedding_cosine_mean,embedding_cosine_min,embedding_cosine_max,embedding_cosine_std,embedding_angle_degrees_mean,embedding_angle_degrees_min,embedding_angle_degrees_max,embedding_angle_degrees_std,residual_norm_mean,residual_norm_min,residual_norm_max,residual_norm_std,relative_embedding_residual_norm_mean,relative_embedding_residual_norm_min,relative_embedding_residual_norm_max,relative_embedding_residual_norm_std,output_cosine_mean,output_cosine_min,output_cosine_max,output_cosine_std,output_angle_degrees_mean,output_angle_degrees_min,output_angle_degrees_max,output_angle_degrees_std,output_residual_norm_mean,output_residual_norm_min,output_residual_norm_max,output_residual_norm_std,relative_output_residual_norm_mean,relative_output_residual_norm_min,relative_output_residual_norm_max,relative_output_residual_norm_std
0,Adam Driver,16,0.005314919166266918,0.005314919166266918,0.005314919166266918,0.0,89.69548034667969,89.69548034667969,89.69548034667969,0.0,36.476497650146484,36.476497650146484,36.476497650146484,0.0,1.3023487329483032,1.3023487329483032,1.3023487329483032,0.0,0.2401379622751847,-0.2801624834537506,0.810018002986908,0.37648005174903465,74.48404383659363,35.90230941772461,106.26990509033203,24.05123513413661,28.768211603164673,5.881913185119629,57.6051139831543,17.442139382206317,1.1243348307907581,0.5884100794792175,1.5421417951583862,0.3309534409306717
1,Adriana Lima,16,-0.04475577175617218,-0.04475577175617218,-0.04475577175617218,0.0,92.56517791748047,92.56517791748047,92.56517791748047,0.0,37.17552947998047,37.17552947998047,37.17552947998047,0.0,1.3317768573760986,1.3317768573760986,1.3317768573760986,0.0,0.17523177177645266,-0.23075956106185913,0.7210416793823242,0.3322592425670487,79.0588481426239,43.85944747924805,103.341796875,20.359583821360225,29.738194584846497,7.311358451843262,56.39482116699219,17.009040221407393,1.203499659895897,0.7611465454101562,1.4610544443130493,0.2314315294970492
2,Amber Heard,16,0.034660592675209045,0.034660592675209045,0.034660592675209045,0.0,88.0136947631836,88.0136947631836,88.0136947631836,0.0,35.278106689453125,35.278106689453125,35.278106689453125,0.0,1.2740304470062256,1.2740304470062256,1.2740304470062256,0.0,0.2556364344782196,-0.162849560379982,0.7138912081718445,0.30798748057889774,74.22822713851929,44.44759750366211,99.3723373413086,19.067199781794724,28.427892327308655,7.057440757751465,56.839683532714844,16.85780535203121,1.09038270637393,0.7225670218467712,1.359533429145813,0.23047956698537042
3,Amy Adams,16,-0.015378149226307869,-0.015378149226307869,-0.015378149226307869,0.0,90.88114166259766,90.88114166259766,90.88114166259766,0.0,36.54188537597656,36.54188537597656,36.54188537597656,0.0,1.3081448078155518,1.3081448078155518,1.3081448078155518,0.0,0.2240719785913825,-0.21451710164546967,0.7298616766929626,0.3344561016074752,76.02154874801636,43.12519836425781,102.38719940185547,20.678398329414446,29.01586803793907,7.698099613189697,54.43630599975586,16.647885628024596,1.1506672538816929,0.742849588394165,1.45691978931427,0.23274722779939866
4,Andrew Garfield,16,0.01132864598184824,0.01132864598184824,0.01132864598184824,0.0,89.35090637207031,89.35090637207031,89.35090637207031,0.0,36.7584342956543,36.7584342956543,36.7584342956543,0.0,1.3174775838851929,1.3174775838851929,1.3174775838851929,0.0,0.24560694156389218,-0.12769290804862976,0.7158111929893494,0.2990058201953149,74.8928816318512,44.290283203125,97.33629608154297,18.486818289562585,29.80555695295334,8.193390846252441,57.52001953125,16.937754368725983,1.1151346638798714,0.700947642326355,1.4029357433319092,0.2420488363679396
5,Angelina Jolie,16,0.054802607744932175,0.054802607744932175,0.054802607744932175,0.0,86.85847473144531,86.85847473144531,86.85847473144531,0.0,35.8725700378418,35.8725700378418,35.8725700378418,0.0,1.2643345594406128,1.2643345594406128,1.2643345594406128,0.0,0.32705534086562693,-0.1551065295934677,0.7935078740119934,0.3242616363979248,69.45858645439148,37.48545455932617,98.9229736328125,20.739773800023293,28.157560735940933,7.299478054046631,55.99297332763672,16.598007901899585,1.0449342839419842,0.6199637651443481,1.4092156887054443,0.2624902691281334
6,Anjelica Huston,16,0.048859938979148865,0.048859938979148865,0.048859938979148865,0.0,87.19941711425781,87.19941711425781,87.19941711425781,0.0,35.51736831665039,35.51736831665039,35.51736831665039,0.0,1.2741279602050781,1.2741279602050781,1.2741279602050781,0.0,0.2749309746286599,-0.16088761389255524,0.7835668921470642,0.320012429984409,72.8725106716156,38.41167449951172,99.2584228515625,20.107892247678606,27.275323659181595,6.756453990936279,54.13581848144531,16.07998380911703,1.1169948875904083,0.6452613472938538,1.4316028356552124,0.25731940226329075
7,Anna Faris,16,0.040542617440223694,0.040542617440223694,0.040542617440223694,0.0,87.67644500732422,87.67644500732422,87.67644500732422,0.0,35.418968200683594,35.418968200683594,35.418968200683594,0.0,1.2801389694213867,1.2801389694213867,1.2801389694213867,0.0,0.2954592170426622,-0.105570487678051,0.7561496496200562,0.31517582207105793,71.55485701560974,40.87407684326172,96.0600357055664,19.989003001485454,27.33184564113617,6.893573760986328,49.57615280151367,15.713805846577532,1.1156285889446735,0.7399332523345947,1.4205631017684937,0.21466474612141637
8,Anna Kendrick,16,0.04333458095788956,0.04333458095788956,0.04333458095788956,0.0,87.5163345336914,87.5163345336914,87.5163345336914,0.0,36.654727935791016,36.654727935791016,36.654727935791016,0.0,1.28788423538208,1.28788423538208,1.28788423538208,0.0,0.3228557795538336,-0.11133110523223877,0.7819861173629761,0.31909456045862594,69.74669742584229,38.55721664428711,96.39205932617188,20.431170016098264,27.454729914665222,6.930240631103516,52.138187408447266,16.005557936906715,1.0944276042282581,0.683891773223877,1.4202213287353516,0.25672981382285137
9,Anne Hathaway,16,0.02429751493036747,0.02429751493036747,0.02429751493036747,0.0,88.60771942138672,88.60771942138672,88.60771942138672,0.0,36.650390625,36.650390625,36.650390625,0.0,1.2991018295288086,1.2991018295288086,1.2991018295288086,0.0,0.299584191176109,-0.19693604111671448,0.7905606031417847,0.3330666738820929,71.13074851036072,37.76206588745117,101.35784149169922,21.24051790324648,28.05254927277565,7.113377571105957,55.653656005859375,16.477929847382534,1.1064029596745968,0.629328727722168,1.4780350923538208,0.2798179653074406
10,Arnold Schwarzenegger,16,0.08346748352050781,0.08346748352050781,0.08346748352050781,0.0,85.21209716796875,85.21209716796875,85.21209716796875,0.0,36.66958236694336,36.66958236694336,36.66958236694336,0.0,1.272337794303894,1.272337794303894,1.272337794303894,0.0,0.28703003958798945,-0.1489454209804535,0.760948896408081,0.3186755976225359,72.10883617401123,40.45207977294922,98.5658187866211,20.048152275359115,29.58435833454132,8.262941360473633,57.70423126220703,17.34735218982072,1.107168074697256,0.6618442535400391,1.4370406866073608,0.27104590253423033
11,Barack Obama,16,-0.0002225170173915103,-0.0002225170173915103,-0.0002225170173915103,0.0,90.01274871826172,90.01274871826172,90.01274871826172,0.0,36.965572357177734,36.965572357177734,36.965572357177734,0.0,1.3022446632385254,1.3022446632385254,1.3022446632385254,0.0,0.20243506715632975,-0.22377106547355652,0.7412965893745422,0.33092298621694355,77.31069111824036,42.158016204833984,102.93062591552734,20.529842115195983,33.320933640003204,8.940296173095703,63.31682205200195,18.87260016878698,1.0896232761442661,0.676456868648529,1.3801697492599487,0.2392627129580754
12,Beth Behrs,16,0.030796948820352554,0.030796948820352554,0.030796948820352554,0.0,88.23518371582031,88.23518371582031,88.23518371582031,0.0,36.46849822998047,36.46849822998047,36.46849822998047,0.0,1.3268284797668457,1.3268284797668457,1.3268284797668457,0.0,0.23686732156784274,-0.15018445253372192,0.675299346446991,0.28434422274836374,75.59931349754333,47.52259826660156,98.63761901855469,17.29742855309876,29.58671671152115,8.609367370605469,54.779571533203125,16.387143593007867,1.1464854925870895,0.7808182835578918,1.4637670516967773,0.23792930492642894
13,Bill Clinton,16,0.08962774276733398,0.08962774276733398,0.08962774276733398,0.0,84.85780334472656,84.85780334472656,84.85780334472656,0.0,36.64746856689453,36.64746856689453,36.64746856689453,0.0,1.2627021074295044,1.2627021074295044,1.2627021074295044,0.0,0.29116438305936754,-0.05510038509964943,0.7806195020675659,0.3112737320841689,71.7153868675232,38.68267059326172,93.15861511230469,20.077681008861642,29.996296763420105,6.8675537109375,56.04637908935547,17.34988336437436,1.1127890385687351,0.6363808512687683,1.4091473817825317,0.2799014534153116
14,Bob Dylan,16,0.01362526323646307,0.01362526323646307,0.01362526323646307,0.0,89.21930694580078,89.21930694580078,89.21930694580078,0.0,36.67081832885742,36.67081832885742,36.67081832885742,0.0,1.26430082321167,1.26430082321167,1.26430082321167,0.0,0.303011694108136,-0.17524407804012299,0.7798724174499512,0.34712435194326496,70.80055856704712,38.75110626220703,100.09286499023438,22.15254546470584,28.227736622095108,6.690532207489014,56.178401947021484,16.9247208171163,1.0598942637443542,0.6476558446884155,1.3769181966781616,0.26824025908437
15,Bob Marley,16,0.006284983828663826,0.006284983828663826,0.006284983828663826,0.0,89.639892578125,89.639892578125,89.639892578125,0.0,37.421329498291016,37.421329498291016,37.421329498291016,0.0,1.2849942445755005,1.2849942445755005,1.2849942445755005,0.0,0.23254498798632994,-0.13522841036319733,0.7088018655776978,0.30297293957738114,75.66251730918884,44.86248779296875,97.7718276977539,18.727195269075843,30.216515362262726,8.824283599853516,56.79029083251953,16.99315466816923,1.1335037089884281,0.8038098812103271,1.361441731452942,0.20110585689599694
16,Bradley Cooper,16,0.024942990392446518,0.024942990392446518,0.024942990392446518,0.0,88.57072448730469,88.57072448730469,88.57072448730469,0.0,35.38436508178711,35.38436508178711,35.38436508178711,0.0,1.2542675733566284,1.2542675733566284,1.2542675733566284,0.0,0.2173629110911861,-0.25602585077285767,0.7277671694755554,0.3388820220598712,76.49829387664795,43.30046463012695,104.83438110351562,20.751024471905872,28.879290163517,8.302477836608887,55.94216537475586,16.452108784711708,1.0995802730321884,0.686181366443634,1.4431581497192383,0.25805066569560015
17,Bruce Willis,16,0.07240448892116547,0.07240448892116547,0.07240448892116547,0.0,85.847900390625,85.847900390625,85.847900390625,0.0,36.4444580078125,36.4444580078125,36.4444580078125,0.0,1.2842702865600586,1.2842702865600586,1.2842702865600586,0.0,0.256420249119401,-0.1954263597726822,0.7265076637268066,0.3139688438026728,74.1434338092804,43.40559005737305,101.2696304321289,19.45696608677515,30.219338417053223,8.217595100402832,58.77595520019531,17.327941399552344,1.1508985050022602,0.7168607711791992,1.5038245916366577,0.27177895041956457
18,Bryan Cranston,16,0.007258323486894369,0.007258323486894369,0.007258323486894369,0.0,89.5841293334961,89.5841293334961,89.5841293334961,0.0,36.21768569946289,36.21768569946289,36.21768569946289,0.0,1.2808659076690674,1.2808659076690674,1.2808659076690674,0.0,0.22184635559096932,-0.20648229122161865,0.7138221859931946,0.32803145060759487,76.23039102554321,44.453243255615234,101.9162826538086,20.16980650444834,29.134835064411163,8.171143531799316,54.9758186340332,16.25617995859403,1.1241738051176071,0.7004302740097046,1.4890120029449463,0.27038859842032104
19,Cameron Diaz,16,0.08736877143383026,0.08736877143383026,0.08736877143383026,0.0,84.98775482177734,84.98775482177734,84.98775482177734,0.0,35.462562561035156,35.462562561035156,35.462562561035156,0.0,1.273242712020874,1.273242712020874,1.273242712020874,0.0,0.3058722820132971,-0.17739243805408478,0.7667682766914368,0.32964782550376837,70.76539921760559,39.9354362487793,100.21791076660156,21.00713436335977,28.38285180926323,6.797053813934326,57.00405502319336,17.061399375819715,1.0747882910072803,0.6537296772003174,1.4383960962295532,0.2761925770225588
20,Channing Tatum,16,-0.1313060224056244,-0.1313060224056244,-0.1313060224056244,0.0,97.5450668334961,97.5450668334961,97.5450668334961,0.0,38.04460525512695,38.04460525512695,38.04460525512695,0.0,1.3285484313964844,1.3285484313964844,1.3285484313964844,0.0,0.14940059836953878,-0.3712382912635803,0.6938889622688293,0.39563863320991244,80.47177386283875,46.06125259399414,111.79200744628906,24.151536482317955,29.706497728824615,7.652451515197754,57.26390075683594,17.440162591013788,1.151686992496252,0.7478674650192261,1.4767054319381714,0.2645132634156387
21,Charlie Sheen,16,-0.10003101825714111,-0.10003101825714111,-0.10003101825714111,0.0,95.74095153808594,95.74095153808594,95.74095153808594,0.0,36.98172378540039,36.98172378540039,36.98172378540039,0.0,1.3437399864196777,1.3437399864196777,1.3437399864196777,0.0,0.17995366267859936,-0.31428056955337524,0.7230172753334045,0.36840805566567336,78.65822172164917,43.69584274291992,108.31739044189453,22.54282737646035,29.66069746017456,7.245563507080078,58.06724548339844,17.609407536827558,1.1613712944090366,0.7400645613670349,1.4203319549560547,0.24198994075350225
22,Charlize Theron,16,0.08085896819829941,0.08085896819829941,0.08085896819829941,0.0,85.362060546875,85.362060546875,85.362060546875,0.0,34.57481384277344,34.57481384277344,34.57481384277344,0.0,1.2534995079040527,1.2534995079040527,1.2534995079040527,0.0,0.31667063757777214,0.03911103680729866,0.6563012003898621,0.2128800630188074,70.98068571090698,48.98161315917969,87.75853729248047,13.236168126567225,26.10583585500717,8.190282821655273,46.82405471801758,14.127116468234519,1.0615075416862965,0.8075029253959656,1.24301016330719,0.14195951856811528
23,Chris Evans,16,-0.002215444343164563,-0.002215444343164563,-0.002215444343164563,0.0,90.12693786621094,90.12693786621094,90.12693786621094,0.0,37.81930160522461,37.81930160522461,37.81930160522461,0.0,1.336120367050171,1.336120367050171,1.336120367050171,0.0,0.2098557426361367,-0.18579216301441193,0.6680422425270081,0.307717961128998,77.1188395023346,48.08385467529297,100.70732116699219,18.753263817392362,31.189798891544342,8.91530990600586,60.80982208251953,17.959828534208476,1.1621550880372524,0.8320222496986389,1.4411444664001465,0.2099520937422456
24,Chris Hemsworth,16,0.05884624272584915,0.05884624272584915,0.05884624272584915,0.0,86.62641143798828,86.62641143798828,86.62641143798828,0.0,37.335693359375,37.335693359375,37.335693359375,0.0,1.3166286945343018,1.3166286945343018,1.3166286945343018,0.0,0.2969745219015749,-0.15333059430122375,0.7235008478164673,0.29445585307611755,71.74151372909546,43.65571975708008,98.81999206542969,18.321113426831616,29.407646417617798,8.470039367675781,57.762840270996094,16.67136294221097,1.1197331100702286,0.7166825532913208,1.4957996606826782,0.2614188406553761
25,Chris Pine,16,0.07136806100606918,0.07136806100606918,0.07136806100606918,0.0,85.90743255615234,85.90743255615234,85.90743255615234,0.0,34.884986877441406,34.884986877441406,34.884986877441406,0.0,1.2410029172897339,1.2410029172897339,1.2410029172897339,0.0,0.29702803323743865,-0.14974723756313324,0.7584128379821777,0.322523322401804,71.44524002075195,40.6755256652832,98.61227416992188,20.35650717314744,28.108321964740753,7.474547386169434,54.58725357055664,16.467041945247196,1.0718140862882137,0.6837284564971924,1.3695443868637085,0.25168707047015787
26,Chuck Norris,16,0.020945081487298012,0.020945081487298012,0.020945081487298012,0.0,88.79985046386719,88.79985046386719,88.79985046386719,0.0,37.781341552734375,37.781341552734375,37.781341552734375,0.0,1.3163093328475952,1.3163093328475952,1.3163093328475952,0.0,0.24024846812244505,-0.17458271980285645,0.6540096998214722,0.29150775867331485,75.35135078430176,49.1553955078125,100.05437469482422,17.763984913245057,30.80862259864807,9.288923263549805,61.49663543701172,17.69185392563858,1.171651653945446,0.802115261554718,1.509647250175476,0.24166707056530679
27,Courteney Cox,16,-0.01857098378241062,-0.01857098378241062,-0.01857098378241062,0.0,91.06410217285156,91.06410217285156,91.06410217285156,0.0,35.6793327331543,35.6793327331543,35.6793327331543,0.0,1.2822238206863403,1.2822238206863403,1.2822238206863403,0.0,0.2542220091272611,-0.18831895291805267,0.7569130063056946,0.3399429791302289,74.0155017375946,40.807193756103516,100.85469818115234,21.335478375985634,28.257210463285446,6.897277355194092,53.68393325805664,16.57123968249069,1.1003927737474442,0.6928163766860962,1.3960487842559814,0.23253592281516294
28,Demi Lovato,16,0.10442433506250381,0.10442433506250381,0.10442433506250381,0.0,84.00599670410156,84.00599670410156,84.00599670410156,0.0,37.97147750854492,37.97147750854492,37.97147750854492,0.0,1.267517328262329,1.267517328262329,1.267517328262329,0.0,0.38498955708928406,0.028553973883390427,0.7988001108169556,0.27330923828103904,66.02601170539856,36.98432540893555,88.36375427246094,17.995933712610345,27.38706412911415,7.565062522888184,51.384544372558594,15.926172318098592,1.0394097901880741,0.6364490985870361,1.364281415939331,0.25080448570319597
29,Drake,16,-0.056602440774440765,-0.056602440774440765,-0.056602440774440765,0.0,93.24481201171875,93.24481201171875,93.24481201171875,0.0,37.06766128540039,37.06766128540039,37.06766128540039,0.0,1.2877520322799683,1.2877520322799683,1.2877520322799683,0.0,0.21702197333797812,-0.27124908566474915,0.7231883406639099,0.3571579210519995,76.39402341842651,43.6816520690918,105.73860931396484,21.938049790074352,30.563900530338287,8.926643371582031,60.89143371582031,18.033297791807506,1.0789188407361507,0.6909493207931519,1.3558470010757446,0.24220431532874548
30,Drew Barrymore,16,0.04361112415790558,0.04361112415790558,0.04361112415790558,0.0,87.50047302246094,87.50047302246094,87.50047302246094,0.0,34.834503173828125,34.834503173828125,34.834503173828125,0.0,1.250434160232544,1.250434160232544,1.250434160232544,0.0,0.30439673986984417,-0.18926486372947693,0.7955181002616882,0.3503945915907077,70.6480405330658,37.295780181884766,100.90988159179688,22.454067219916837,27.566367655992508,6.386078357696533,54.73046112060547,16.615157715460995,1.0315614379942417,0.6133715510368347,1.353137731552124,0.2603488993367191
31,Dwayne Johnson,16,0.005020421929657459,0.005020421929657459,0.005020421929657459,0.0,89.71234893798828,89.71234893798828,89.71234893798828,0.0,36.867862701416016,36.867862701416016,36.867862701416016,0.0,1.3000415563583374,1.3000415563583374,1.3000415563583374,0.0,0.2684623006498441,-0.1172708198428154,0.7335217595100403,0.3132639757208896,73.31361508369446,42.81754684448242,96.734619140625,19.63495828195376,29.845804393291473,7.979767799377441,59.59000015258789,17.726733106533104,1.0966148376464844,0.6895483136177063,1.3865492343902588,0.25856402228734254
32,Ed Sheeran,16,-0.006464293226599693,-0.006464293226599693,-0.006464293226599693,0.0,90.37037658691406,90.37037658691406,90.37037658691406,0.0,37.18253707885742,37.18253707885742,37.18253707885742,0.0,1.2882416248321533,1.2882416248321533,1.2882416248321533,0.0,0.28321712099568686,-0.19009330868721008,0.7750781774520874,0.33542283217795077,72.09996962547302,39.1878776550293,100.9582290649414,21.455314224432815,27.801726043224335,6.617515563964844,54.69034957885742,16.23816373497046,1.0910991430282593,0.6486740708351135,1.4125738143920898,0.26882702576766787
33,Elon Musk,16,0.00024448681506328285,0.00024448681506328285,0.00024448681506328285,0.0,89.98599243164062,89.98599243164062,89.98599243164062,0.0,35.457359313964844,35.457359313964844,35.457359313964844,0.0,1.246417760848999,1.246417760848999,1.246417760848999,0.0,0.1923259668983519,-0.34059566259384155,0.7418078184127808,0.38302696725380625,77.73515200614929,42.11436080932617,109.91316986083984,23.694358225507422,30.663207858800888,7.863521099090576,59.75204086303711,17.98768248807895,1.0892767533659935,0.6839752197265625,1.3820348978042603,0.25128985679225363
34,Elvis Presley,16,-0.004397465381771326,-0.004397465381771326,-0.004397465381771326,0.0,90.251953125,90.251953125,90.251953125,0.0,35.76127624511719,35.76127624511719,35.76127624511719,0.0,1.2516720294952393,1.2516720294952393,1.2516720294952393,0.0,0.23538368963636458,-0.19569715857505798,0.75304114818573,0.3526399533587335,75.10911703109741,41.1454963684082,101.28545379638672,22.092609339453777,28.52236744761467,6.405720233917236,53.43153381347656,17.16674489783045,1.0797450505197048,0.6722971200942993,1.3844667673110962,0.2564418557000507
35,Emma Stone,16,0.006799794267863035,0.006799794267863035,0.006799794267863035,0.0,89.61039733886719,89.61039733886719,89.61039733886719,0.0,37.2534065246582,37.2534065246582,37.2534065246582,0.0,1.309691309928894,1.309691309928894,1.309691309928894,0.0,0.24658854806330055,-0.20807386934757233,0.8041980862617493,0.348786741113829,74.37043642997742,36.46711730957031,102.00950622558594,22.030583651890165,30.20805335044861,7.142702102661133,59.55555725097656,17.957666968042417,1.1146512925624847,0.6027876734733582,1.4587005376815796,0.278841266543265
36,Frida Kahlo,16,-0.10295963287353516,-0.10295963287353516,-0.10295963287353516,0.0,95.90962982177734,95.90962982177734,95.90962982177734,0.0,36.803287506103516,36.803287506103516,36.803287506103516,0.0,1.3035999536514282,1.3035999536514282,1.3035999536514282,0.0,0.1600092863664031,-0.38150352239608765,0.761019229888916,0.39654621705146176,79.69931077957153,40.445865631103516,112.42684936523438,24.459475942647323,29.31891632080078,7.678272724151611,56.8812141418457,17.046376880348486,1.143461849540472,0.6899776458740234,1.4004230499267578,0.24462364878549928
37,George Clooney,16,0.04322296753525734,0.04322296753525734,0.04322296753525734,0.0,87.52273559570312,87.52273559570312,87.52273559570312,0.0,36.2648811340332,36.2648811340332,36.2648811340332,0.0,1.2755818367004395,1.2755818367004395,1.2755818367004395,0.0,0.26645994023419917,-0.24397017061710358,0.7907912731170654,0.35465552277530543,73.0283374786377,37.740482330322266,104.12097930908203,22.639048558023333,28.824880838394165,6.955730438232422,57.78279495239258,16.999191105721135,1.0958163067698479,0.6136210560798645,1.490498661994934,0.29968435535869875
38,Glenn Close,16,-0.07054296135902405,-0.07054296135902405,-0.07054296135902405,0.0,94.04517364501953,94.04517364501953,94.04517364501953,0.0,37.53266143798828,37.53266143798828,37.53266143798828,0.0,1.3282997608184814,1.3282997608184814,1.3282997608184814,0.0,0.18755695479921997,-0.29828816652297974,0.7186920642852783,0.3643982659589565,78.18346214294434,44.053401947021484,107.35482025146484,22.388472963687203,30.581668853759766,8.08387279510498,58.73252487182617,17.869101837102807,1.1416990831494331,0.7468212842941284,1.440369725227356,0.24588495432859261
39,Gwyneth Paltrow,16,0.032099537551403046,0.032099537551403046,0.032099537551403046,0.0,88.16051483154297,88.16051483154297,88.16051483154297,0.0,34.99391555786133,34.99391555786133,34.99391555786133,0.0,1.2360233068466187,1.2360233068466187,1.2360233068466187,0.0,0.24669559797621332,-0.17007313668727875,0.6556302309036255,0.2954716561687788,74.95308923721313,49.03254699707031,99.79206848144531,17.974412716657493,27.84250569343567,8.39360523223877,53.17943572998047,15.62443392272587,1.101231575012207,0.78609699010849,1.423560380935669,0.2080529570485708
40,Harrison Ford,16,-0.08215945959091187,-0.08215945959091187,-0.08215945959091187,0.0,94.71270751953125,94.71270751953125,94.71270751953125,0.0,37.32853317260742,37.32853317260742,37.32853317260742,0.0,1.3202862739562988,1.3202862739562988,1.3202862739562988,0.0,0.1814460987225175,-0.3459450900554657,0.7305841445922852,0.376326566300995,78.49698543548584,43.064613342285156,110.239501953125,23.111910827663213,30.494619727134705,8.118417739868164,60.14073944091797,18.17136805542821,1.1552008055150509,0.7286878824234009,1.481309413909912,0.25569526028258804
41,Hillary Clinton,16,0.045741237699985504,0.045741237699985504,0.045741237699985504,0.0,87.37830352783203,87.37830352783203,87.37830352783203,0.0,35.031028747558594,35.031028747558594,35.031028747558594,0.0,1.2345432043075562,1.2345432043075562,1.2345432043075562,0.0,0.21227595198433846,-0.19761669635772705,0.7283851504325867,0.32655741127348775,76.69301176071167,43.248817443847656,101.39762878417969,20.371494245908746,30.888362258672714,7.177865505218506,56.9369010925293,17.708042701061263,1.0790987759828568,0.6853308081626892,1.3501005172729492,0.22993486347951592
42,Hugh Jackman,16,-0.022440195083618164,-0.022440195083618164,-0.022440195083618164,0.0,91.28583526611328,91.28583526611328,91.28583526611328,0.0,37.75529861450195,37.75529861450195,37.75529861450195,0.0,1.3110079765319824,1.3110079765319824,1.3110079765319824,0.0,0.26099656615406275,-0.20536795258522034,0.7272788286209106,0.332868100626109,73.74954962730408,43.34124755859375,101.85104370117188,20.646521097621694,28.589116662740707,7.706150531768799,55.7495002746582,16.675413371637347,1.1189826168119907,0.7131152749061584,1.5036046504974365,0.27159107831938406
43,Idris Elba,16,-0.09779903292655945,-0.09779903292655945,-0.09779903292655945,0.0,95.61244201660156,95.61244201660156,95.61244201660156,0.0,38.0164909362793,38.0164909362793,38.0164909362793,0.0,1.3357094526290894,1.3357094526290894,1.3357094526290894,0.0,0.22233680775389075,-0.30219894647598267,0.7479028105735779,0.3694865922830467,75.92493629455566,41.59096145629883,107.58972930908203,22.928400736474167,29.126931607723236,7.575044631958008,58.50056457519531,17.132947528066264,1.117936011403799,0.6820096373558044,1.5157537460327148,0.2829313746018465
44,Jake Gyllenhaal,16,0.09747246652841568,0.09747246652841568,0.09747246652841568,0.0,84.40635681152344,84.40635681152344,84.40635681152344,0.0,35.167579650878906,35.167579650878906,35.167579650878906,0.0,1.2564377784729004,1.2564377784729004,1.2564377784729004,0.0,0.3488485573325306,-0.024057593196630478,0.7391185164451599,0.26542084436427205,68.51642322540283,42.34362030029297,91.37853240966797,17.06480085818993,25.141593128442764,6.643181800842285,48.64693069458008,14.145285814033368,1.0345795042812824,0.6753910779953003,1.4135806560516357,0.244640143460143
45,James Franco,16,0.016125056892633438,0.016125056892633438,0.016125056892633438,0.0,89.07606506347656,89.07606506347656,89.07606506347656,0.0,36.10292053222656,36.10292053222656,36.10292053222656,0.0,1.2696473598480225,1.2696473598480225,1.2696473598480225,0.0,0.2825276285293512,-0.19449059665203094,0.7549629211425781,0.3289928761701377,72.3579773902893,40.97787094116211,101.2149658203125,20.642647676967407,27.69366365671158,7.986806869506836,54.79497146606445,16.121603474955727,1.092130083590746,0.6664084196090698,1.44564950466156,0.27441894151034146
46,Jared Leto,16,-0.016146350651979446,-0.016146350651979446,-0.016146350651979446,0.0,90.92516326904297,90.92516326904297,90.92516326904297,0.0,36.599647521972656,36.599647521972656,36.599647521972656,0.0,1.2851204872131348,1.2851204872131348,1.2851204872131348,0.0,0.29941407416481525,-0.24503962695598602,0.824493944644928,0.384929389482411,70.64294815063477,34.46278381347656,104.18417358398438,24.756991377100867,27.619550734758377,6.619173049926758,56.315120697021484,16.848641500285186,1.0581373535096645,0.5829121470451355,1.449305534362793,0.30517839885919634
47,Jason Momoa,16,0.060421571135520935,0.060421571135520935,0.060421571135520935,0.0,86.5359878540039,86.5359878540039,86.5359878540039,0.0,36.55572509765625,36.55572509765625,36.55572509765625,0.0,1.2856554985046387,1.2856554985046387,1.2856554985046387,0.0,0.314373994799098,-0.15652979910373688,0.7734847664833069,0.32099448088262644,70.27617168426514,39.3321418762207,99.00553131103516,20.522068922354936,28.66404813528061,6.429299354553223,59.0899772644043,17.44971171943753,1.0791554413735867,0.6409900784492493,1.4619616270065308,0.28578684135746824
48,Jennifer Aniston,16,-0.03201936557888985,-0.03201936557888985,-0.03201936557888985,0.0,91.83488464355469,91.83488464355469,91.83488464355469,0.0,36.663063049316406,36.663063049316406,36.663063049316406,0.0,1.2867573499679565,1.2867573499679565,1.2867573499679565,0.0,0.26718340313527733,-0.23827092349529266,0.7743285298347473,0.3488356490336071,73.12021613121033,39.25580596923828,103.78451538085938,22.03356000333467,28.445109575986862,7.356762409210205,56.464969635009766,16.553009513950965,1.0798650160431862,0.658207356929779,1.441087245941162,0.264903154552457
49,Jennifer Lawrence,16,0.0034928624518215656,0.0034928624518215656,0.0034928624518215656,0.0,89.79987335205078,89.79987335205078,89.79987335205078,0.0,37.54336166381836,37.54336166381836,37.54336166381836,0.0,1.290241003036499,1.290241003036499,1.290241003036499,0.0,0.28943320002872497,-0.11866665631532669,0.7126528024673462,0.30604738930462183,72.0825343132019,44.548831939697266,96.8151626586914,19.172647240333163,28.733014166355133,7.529375076293945,55.20275115966797,16.532740194615386,1.0731183737516403,0.7235482335090637,1.3636375665664673,0.2345368873324995
