space_index,space_name,target_target_count,target_target_cosine_mean,target_target_cosine_std,target_target_cosine_min,target_target_cosine_max,target_person_count,target_person_cosine_mean,target_person_cosine_std,target_person_cosine_min,target_person_cosine_max,target_empty_count,target_empty_cosine_mean,target_empty_cosine_std,target_empty_cosine_min,target_empty_cosine_max,person_empty_count,person_empty_cosine_mean,person_empty_cosine_std,person_empty_cosine_min,person_empty_cosine_max,target_correlation_to_embedding,target_rmse_from_embedding,target_norm_mean,target_norm_std,target_norm_min,target_norm_max,person_norm,empty_norm
-1,embedding,1225,0.30877575333629337,0.07421425936937301,0.06830069422721863,0.6006028652191162,50,0.15991325184702873,0.03725498319594402,0.09246110171079636,0.2270437777042389,50,0.18762287195771932,0.10079890887132517,-0.133022278547287,0.4018498957157135,1,-0.08501078933477402,0.0,-0.08501078933477402,-0.08501078933477402,1.0,0.0,28.339803771972655,0.4627433809755312,27.485464096069336,29.957361221313477,27.971548080444336,43.82034683227539
0,down_blocks.0.attentions.0.transformer_blocks.0.attn2.to_v.weight,1225,0.5989386375582948,0.07342862708251074,0.3294409513473511,0.7759291529655457,50,0.5843982195854187,0.03912655723758763,0.48234421014785767,0.662169337272644,50,-0.23366065919399262,0.03317808561301332,-0.2925471067428589,-0.17100459337234497,1,-0.28829920291900635,0.0,-0.28829920291900635,-0.28829920291900635,0.720856907864789,0.29535989893894576,12.431066665649414,0.6585654679644293,10.984910011291504,14.376543998718262,14.7176513671875,1.5712387561798096
1,down_blocks.0.attentions.1.transformer_blocks.0.attn2.to_v.weight,1225,0.7729279078512775,0.058376427752588944,0.44716882705688477,0.8784918189048767,50,0.7503563046455384,0.04855890339328099,0.5322045087814331,0.818010687828064,50,-0.1379300056397915,0.04889768094586911,-0.24292922019958496,-0.029350895434617996,1,-0.18281124532222748,0.0,-0.18281124532222748,-0.18281124532222748,0.6831133507842291,0.46736901444334045,11.108577537536622,0.7259279004696061,9.205157279968262,13.400245666503906,14.970090866088867,2.6156206130981445
2,down_blocks.1.attentions.0.transformer_blocks.0.attn2.to_v.weight,1225,0.49565468848968036,0.07050736037813293,0.2509409189224243,0.7263927459716797,50,0.43759502828121183,0.04646496284667767,0.3477221131324768,0.5245528221130371,50,-0.06293118357658387,0.014526510488985282,-0.09095842391252518,-0.029431935399770737,1,-0.10813979804515839,0.0,-0.10813979804515839,-0.10813979804515839,0.7451425050989418,0.19391915435492377,17.025431365966796,0.7886618110608197,15.424625396728516,19.150463104248047,19.813411712646484,1.4681768417358398
3,down_blocks.1.attentions.1.transformer_blocks.0.attn2.to_v.weight,1225,0.6001088852541787,0.06297933429100634,0.35693249106407166,0.7790068984031677,50,0.5322888749837875,0.038698469750067035,0.4436090290546417,0.6227335929870605,50,-0.22491772204637528,0.02928693132714547,-0.2765679657459259,-0.14452509582042694,1,-0.2400185912847519,0.0,-0.2400185912847519,-0.2400185912847519,0.8206986560759741,0.29441011120712424,15.93390287399292,0.7755996756343122,14.357220649719238,18.524797439575195,18.724567413330078,1.4577995538711548
4,down_blocks.2.attentions.0.transformer_blocks.0.attn2.to_v.weight,1225,0.26880712826337133,0.07880216871714825,0.038973432034254074,0.5821003317832947,50,0.11941263444721699,0.04142988896060384,0.0337386280298233,0.2305273860692978,50,-0.14288028344511985,0.01765386957486247,-0.18537189066410065,-0.09855255484580994,1,-0.15463881194591522,0.0,-0.15463881194591522,-0.15463881194591522,0.8300187497573994,0.06005600516187818,27.5541019821167,1.0340939936196434,25.48690414428711,31.068405151367188,26.184537887573242,0.7742739915847778
5,down_blocks.2.attentions.1.transformer_blocks.0.attn2.to_v.weight,1225,0.25629697635465737,0.07944287372079081,0.05422462522983551,0.6008195877075195,50,0.1220534484833479,0.04302602486953911,0.039639316499233246,0.24396029114723206,50,-0.1929704225063324,0.019463270185350087,-0.23115910589694977,-0.14494487643241882,1,-0.21365177631378174,0.0,-0.21365177631378174,-0.21365177631378174,0.8250140475651603,0.06960404234525076,28.257592124938967,1.333088347995892,25.025005340576172,32.128456115722656,27.39068031311035,0.813497006893158
6,up_blocks.1.attentions.0.transformer_blocks.0.attn2.to_v.weight,1225,0.1995606812310158,0.08495488316000012,-0.021601494401693344,0.5778014659881592,50,0.04268777728546411,0.04465025588119755,-0.03994879126548767,0.13385185599327087,50,-0.09470846556127072,0.0169112872710185,-0.12700791656970978,-0.054757192730903625,1,-0.06867681443691254,0.0,-0.06867681443691254,-0.06867681443691254,0.8113930351865303,0.12008986384812158,34.72366821289062,1.9976821006218513,30.850017547607422,41.20880889892578,32.14918899536133,1.0621328353881836
7,up_blocks.1.attentions.1.transformer_blocks.0.attn2.to_v.weight,1225,0.13364502723898966,0.08267870520885372,-0.05500778555870056,0.5004950165748596,50,0.042435046480968595,0.05155316050826126,-0.07833351194858551,0.14634758234024048,50,0.09490508988499641,0.011347369008460098,0.06551701575517654,0.11736802011728287,1,0.11149104684591293,0.0,0.11149104684591293,0.11149104684591293,0.7643962987775798,0.1833949778061021,39.598318328857424,2.2614898617725365,34.41397476196289,45.87611389160156,38.01875686645508,5.1549553871154785
8,up_blocks.1.attentions.2.transformer_blocks.0.attn2.to_v.weight,1225,0.18584789975641333,0.07374460437060397,0.013303720392286777,0.5875093936920166,50,0.0759770249016583,0.047298624433342006,-0.009551678784191608,0.17516949772834778,50,0.12890735432505607,0.016605765656337496,0.10174128413200378,0.16804541647434235,1,0.13043317198753357,0.0,0.13043317198753357,0.13043317198753357,0.804217109735653,0.13135630396019987,36.03021198272705,2.161496880001683,31.98942756652832,43.414939880371094,35.490631103515625,5.267497539520264
9,up_blocks.2.attentions.0.transformer_blocks.0.attn2.to_v.weight,1225,0.25866455576933767,0.08047571209893424,-0.01124402042478323,0.6140738129615784,50,0.1397809231095016,0.050228105959863205,0.011628645472228527,0.27746063470840454,50,0.13297705516219138,0.014297523663155232,0.09265394508838654,0.15921476483345032,1,0.09974713623523712,0.0,0.09974713623523712,0.09974713623523712,0.7372569474265109,0.07542396812620303,36.918582077026365,1.9747750855571657,33.85695266723633,40.698699951171875,45.07294464111328,5.674020767211914
10,up_blocks.2.attentions.1.transformer_blocks.0.attn2.to_v.weight,1225,0.4967839925873036,0.08620867659283434,0.21278990805149078,0.7654467821121216,50,0.4517679792642593,0.04819156202543367,0.3092394471168518,0.5628764629364014,50,0.1003714369237423,0.012439613958073957,0.06887970864772797,0.12414402514696121,1,0.05108720064163208,0.0,0.05108720064163208,0.05108720064163208,0.8232552337635585,0.19430017852759596,31.452375526428224,1.93359381255095,27.296735763549805,40.66893768310547,36.13135528564453,5.422711372375488
11,up_blocks.2.attentions.2.transformer_blocks.0.attn2.to_v.weight,1225,0.43920177201835475,0.08585321691380045,0.16627824306488037,0.7105973958969116,50,0.2648553377389908,0.0546262101692298,0.16122233867645264,0.4013027548789978,50,0.1298363670706749,0.013171325173767408,0.0998934805393219,0.16057755053043365,1,0.08592116832733154,0.0,0.08592116832733154,0.08592116832733154,0.8107646374004381,0.13984938456137472,23.713326873779298,1.5634085695429591,20.499774932861328,30.5639591217041,25.746606826782227,4.409128189086914
12,up_blocks.3.attentions.0.transformer_blocks.0.attn2.to_v.weight,1225,0.7639616554853867,0.06529402305911873,0.39573734998703003,0.8990205526351929,50,0.6771837329864502,0.05476591676441033,0.4846692681312561,0.792913556098938,50,-0.045844515599310395,0.03701750368087212,-0.14077246189117432,0.021033449098467827,1,-0.08075845241546631,0.0,-0.08075845241546631,-0.08075845241546631,0.6069106755026225,0.459438134467779,10.162091960906983,0.6148548613304813,8.613959312438965,11.699556350708008,12.738483428955078,5.251318454742432
13,up_blocks.3.attentions.1.transformer_blocks.0.attn2.to_v.weight,1225,0.7501441213792684,0.06622633832556045,0.4008052349090576,0.8887947201728821,50,0.6998535764217376,0.059577956909915485,0.4538702368736267,0.8004342317581177,50,-0.2419635298848152,0.029244259997977827,-0.31317245960235596,-0.17942620813846588,1,-0.2794468402862549,0.0,-0.2794468402862549,-0.2794468402862549,0.6731291025088402,0.44506510086337225,13.148905925750732,0.8927128084003041,10.711289405822754,15.633076667785645,17.52521324157715,2.0814740657806396
14,up_blocks.3.attentions.2.transformer_blocks.0.attn2.to_v.weight,1225,0.7904759813328178,0.05418851522566528,0.4785400629043579,0.9000532627105713,50,0.7609367215633392,0.039110664164047446,0.5809987187385559,0.8351080417633057,50,-0.31856286466121675,0.05827505969220444,-0.44791239500045776,-0.174008309841156,1,-0.40408793091773987,0.0,-0.40408793091773987,-0.40408793091773987,0.6102713210720342,0.48535633818953144,13.47787467956543,0.8755539026441054,11.623688697814941,16.216812133789062,17.103734970092773,1.690263271331787
15,mid_block.attentions.0.transformer_blocks.0.attn2.to_v.weight,1225,0.172465178784059,0.08100364531570417,-0.036890216171741486,0.4930045008659363,50,0.0551667814143002,0.045303219190103834,-0.04862748458981514,0.13931035995483398,50,-0.06398359574377536,0.015846201894736987,-0.09983444213867188,-0.020627230405807495,1,-0.08360205590724945,0.0,-0.08360205590724945,-0.08360205590724945,0.8365989622008032,0.14349662087159823,33.92809715270996,1.189915612398975,31.817211151123047,37.67609405517578,35.08460998535156,1.4338397979736328
