task_id,erase_type,target_concepts,target_count,content,content_role,model,anchor_mode,anchor_concepts,subspace_anchor_concepts,subspace_anchor_count,configured_residual_rank,applied_residual_rank,target_global_residual_count,params,aug_num,threshold,retain_scale,seed,inference_timesteps,guidance_scale,n_images,clip_score,fid_vs_original,image_manifest_sha256,run_fingerprint
snoopy,instance,Snoopy,1,Snoopy,target,original,,,,,,,,,,,,0,20,7.5,80,28.7814199924469,0.0,49e7e3568ff3607e24a82cf1ce6ee492b15e3e82e30d932c39475a3548c6ee7b,2abf98c192d10f7b12400180e48eb3cac664fe6243cfb17c68ec2f3fc49ef549
snoopy,instance,Snoopy,1,Mickey,non_target,original,,,,,,,,,,,,0,20,7.5,80,26.416752338409424,0.0,171f1dc04f5775b2d6e50bec0b688ed8d26570b373c34bf6f4a2b957fbb2d81a,2abf98c192d10f7b12400180e48eb3cac664fe6243cfb17c68ec2f3fc49ef549
snoopy,instance,Snoopy,1,Spongebob,non_target,original,,,,,,,,,,,,0,20,7.5,80,27.624553442001343,0.0,526475e63b4cc2dd4d5d61642bdb9a60c531413090f87e638cdffde470f42e60,2abf98c192d10f7b12400180e48eb3cac664fe6243cfb17c68ec2f3fc49ef549
snoopy,instance,Snoopy,1,Pikachu,non_target,original,,,,,,,,,,,,0,20,7.5,80,27.962318658828735,0.0,acd7c68313b4f5df72c2f8845b58619c038c389a23fa7c47f8d23499604f8555,2abf98c192d10f7b12400180e48eb3cac664fe6243cfb17c68ec2f3fc49ef549
snoopy,instance,Snoopy,1,Hello Kitty,non_target,original,,,,,,,,,,,,0,20,7.5,80,27.907118797302246,0.0,15d9ea6c75e57d5b3a54a8d042a443b021cf0421a3816d96ea65484f99a17df4,2abf98c192d10f7b12400180e48eb3cac664fe6243cfb17c68ec2f3fc49ef549
snoopy,instance,Snoopy,1,coco,coco,original,,,,,,,,,,,,0,20,7.5,100,26.373212575912476,0.0,b431f9e77288f2da41e7ce715886325ba92277b4d01f657e7a7d147624c83bea,2abf98c192d10f7b12400180e48eb3cac664fe6243cfb17c68ec2f3fc49ef549
snoopy,instance,Snoopy,1,Snoopy,target,target_global_pairwise_residual_subspace,target_global_pairwise_residual_subspace,,"["""", ""Cheerful Cartoon Mouse"", ""Playful Cartoon Dog"", ""Goofy Sea Creature"", ""Cute Electric Fantasy Creature"", ""Minimalist Cute Cat"", ""Friendly Woodland Mascot"", ""Retro Animal Cartoon"", ""Kawaii Fantasy Mascot"", ""Funny Everyday Hero"", ""Universal Cute Mascot"", ""Curious Cartoon Rabbit"", ""Joyful Forest Squirrel"", ""Whimsical Garden Hedgehog"", ""Brave Little Lion"", ""Gentle Storybook Bear"", ""Mischievous Cartoon Fox"", ""Sleepy Cloud Creature"", ""Bright Rainbow Bird"", ""Cozy Pocket Monster"", ""Playful Farm Piglet"", ""Smiling Ocean Turtle"", ""Cheerful Meadow Frog"", ""Tiny Space Explorer"", ""Friendly Moon Rabbit"", ""Colorful Carnival Parrot"", ""Adventurous Mountain Goat"", ""Gentle River Otter"", ""Clever City Raccoon"", ""Happy Sunflower Sprite"", ""Shy Mushroom Friend"", ""Energetic Jungle Monkey"", ""Kindhearted Cartoon Elephant"", ""Curious Desert Fennec"", ""Bouncy Marshmallow Creature"", ""Dreamy Starry Fox"", ""Helpful Little Robot"", ""Musical Woodland Bird"", ""Peaceful Lavender Dragon"", ""Sunny Beach Crab"", ""Cozy Autumn Hedgehog"", ""Playful Snowy Penguin"", ""Brave Storybook Knight"", ""Gentle Bubble Whale"", ""Radiant Firefly Spirit"", ""Quirky Patchwork Monster"", ""Friendly Prairie Deer"", ""Tiny Garden Gnome"", ""Whimsical Teapot Character"", ""Cheerful Balloon Animal"", ""Curious Coral Reef Creature"", ""Playful Cloud Puppy"", ""Kind Forest Guardian"", ""Colorful Tropical Toucan"", ""Sleepy Pajama Bear"", ""Adventurous River Beaver"", ""Gentle Pastel Unicorn"", ""Funny Tin Toy Robot"", ""Bright Meadow Butterfly"", ""Cozy Winter Squirrel"", ""Heroic Little Badger"", ""Magical Lantern Sprite"", ""Friendly Orchard Goose"", ""Curious Pocket Dragon"", ""Playful Rainy-Day Frog"", ""Soft Woolly Alpaca"", ""Cheerful Woodland Raccoon"", ""Dapper Cartoon Penguin"", ""Mellow Sunset Llama"", ""Spirited Prairie Dog"", ""Tiny Blueberry Goblin"", ""Graceful Garden Swan"", ""Friendly Toy Soldier"", ""Whimsical Clockwork Bird"", ""Happy Picnic Hamster"", ""Brave Coral Seahorse"", ""Cozy Storybook Lamb"", ""Curious Bamboo Panda"", ""Playful Desert Meerkat"", ""Gentle Twilight Moth"", ""Colorful Kite Creature"", ""Sunny Cartoon Chick"", ""Clever Little Inventor"", ""Dreamy Ocean Dolphin"", ""Cheerful Acorn Sprite"", ""Funny Polka-Dot Monster"", ""Kindhearted Snow Fox"", ""Playful Blossom Fairy"", ""Friendly Lighthouse Keeper"", ""Adventurous Sky Captain"", ""Cozy Cinnamon Bear"", ""Curious Pebble Golem"", ""Joyful Raincloud Creature"", ""Gentle Cartoon Retriever"", ""Musical Meadow Mouse"", ""Bright Comet Traveler"", ""Playful Pumpkin Goblin"", ""Friendly Seaside Seal"", ""Whimsical Paper Dragon"", ""Cheerful Gingerbread Character"", ""Calm Mountain Yeti""]",101,30,30,101,V,0,1.0,1.0,0,20,7.5,80,19.499256312847137,219.03562793002015,eec92f19ba58b7148c994c3860bf3a487bf756e238848fa0e87782edf5513015,2abf98c192d10f7b12400180e48eb3cac664fe6243cfb17c68ec2f3fc49ef549
snoopy,instance,Snoopy,1,Mickey,non_target,target_global_pairwise_residual_subspace,target_global_pairwise_residual_subspace,,"["""", ""Cheerful Cartoon Mouse"", ""Playful Cartoon Dog"", ""Goofy Sea Creature"", ""Cute Electric Fantasy Creature"", ""Minimalist Cute Cat"", ""Friendly Woodland Mascot"", ""Retro Animal Cartoon"", ""Kawaii Fantasy Mascot"", ""Funny Everyday Hero"", ""Universal Cute Mascot"", ""Curious Cartoon Rabbit"", ""Joyful Forest Squirrel"", ""Whimsical Garden Hedgehog"", ""Brave Little Lion"", ""Gentle Storybook Bear"", ""Mischievous Cartoon Fox"", ""Sleepy Cloud Creature"", ""Bright Rainbow Bird"", ""Cozy Pocket Monster"", ""Playful Farm Piglet"", ""Smiling Ocean Turtle"", ""Cheerful Meadow Frog"", ""Tiny Space Explorer"", ""Friendly Moon Rabbit"", ""Colorful Carnival Parrot"", ""Adventurous Mountain Goat"", ""Gentle River Otter"", ""Clever City Raccoon"", ""Happy Sunflower Sprite"", ""Shy Mushroom Friend"", ""Energetic Jungle Monkey"", ""Kindhearted Cartoon Elephant"", ""Curious Desert Fennec"", ""Bouncy Marshmallow Creature"", ""Dreamy Starry Fox"", ""Helpful Little Robot"", ""Musical Woodland Bird"", ""Peaceful Lavender Dragon"", ""Sunny Beach Crab"", ""Cozy Autumn Hedgehog"", ""Playful Snowy Penguin"", ""Brave Storybook Knight"", ""Gentle Bubble Whale"", ""Radiant Firefly Spirit"", ""Quirky Patchwork Monster"", ""Friendly Prairie Deer"", ""Tiny Garden Gnome"", ""Whimsical Teapot Character"", ""Cheerful Balloon Animal"", ""Curious Coral Reef Creature"", ""Playful Cloud Puppy"", ""Kind Forest Guardian"", ""Colorful Tropical Toucan"", ""Sleepy Pajama Bear"", ""Adventurous River Beaver"", ""Gentle Pastel Unicorn"", ""Funny Tin Toy Robot"", ""Bright Meadow Butterfly"", ""Cozy Winter Squirrel"", ""Heroic Little Badger"", ""Magical Lantern Sprite"", ""Friendly Orchard Goose"", ""Curious Pocket Dragon"", ""Playful Rainy-Day Frog"", ""Soft Woolly Alpaca"", ""Cheerful Woodland Raccoon"", ""Dapper Cartoon Penguin"", ""Mellow Sunset Llama"", ""Spirited Prairie Dog"", ""Tiny Blueberry Goblin"", ""Graceful Garden Swan"", ""Friendly Toy Soldier"", ""Whimsical Clockwork Bird"", ""Happy Picnic Hamster"", ""Brave Coral Seahorse"", ""Cozy Storybook Lamb"", ""Curious Bamboo Panda"", ""Playful Desert Meerkat"", ""Gentle Twilight Moth"", ""Colorful Kite Creature"", ""Sunny Cartoon Chick"", ""Clever Little Inventor"", ""Dreamy Ocean Dolphin"", ""Cheerful Acorn Sprite"", ""Funny Polka-Dot Monster"", ""Kindhearted Snow Fox"", ""Playful Blossom Fairy"", ""Friendly Lighthouse Keeper"", ""Adventurous Sky Captain"", ""Cozy Cinnamon Bear"", ""Curious Pebble Golem"", ""Joyful Raincloud Creature"", ""Gentle Cartoon Retriever"", ""Musical Meadow Mouse"", ""Bright Comet Traveler"", ""Playful Pumpkin Goblin"", ""Friendly Seaside Seal"", ""Whimsical Paper Dragon"", ""Cheerful Gingerbread Character"", ""Calm Mountain Yeti""]",101,30,30,101,V,0,1.0,1.0,0,20,7.5,80,26.21360182762146,80.9786290693479,15b474316b1c127d35e12f9dd672b35c3d5103535355bd7a12637cb5ae4130cc,2abf98c192d10f7b12400180e48eb3cac664fe6243cfb17c68ec2f3fc49ef549
snoopy,instance,Snoopy,1,Spongebob,non_target,target_global_pairwise_residual_subspace,target_global_pairwise_residual_subspace,,"["""", ""Cheerful Cartoon Mouse"", ""Playful Cartoon Dog"", ""Goofy Sea Creature"", ""Cute Electric Fantasy Creature"", ""Minimalist Cute Cat"", ""Friendly Woodland Mascot"", ""Retro Animal Cartoon"", ""Kawaii Fantasy Mascot"", ""Funny Everyday Hero"", ""Universal Cute Mascot"", ""Curious Cartoon Rabbit"", ""Joyful Forest Squirrel"", ""Whimsical Garden Hedgehog"", ""Brave Little Lion"", ""Gentle Storybook Bear"", ""Mischievous Cartoon Fox"", ""Sleepy Cloud Creature"", ""Bright Rainbow Bird"", ""Cozy Pocket Monster"", ""Playful Farm Piglet"", ""Smiling Ocean Turtle"", ""Cheerful Meadow Frog"", ""Tiny Space Explorer"", ""Friendly Moon Rabbit"", ""Colorful Carnival Parrot"", ""Adventurous Mountain Goat"", ""Gentle River Otter"", ""Clever City Raccoon"", ""Happy Sunflower Sprite"", ""Shy Mushroom Friend"", ""Energetic Jungle Monkey"", ""Kindhearted Cartoon Elephant"", ""Curious Desert Fennec"", ""Bouncy Marshmallow Creature"", ""Dreamy Starry Fox"", ""Helpful Little Robot"", ""Musical Woodland Bird"", ""Peaceful Lavender Dragon"", ""Sunny Beach Crab"", ""Cozy Autumn Hedgehog"", ""Playful Snowy Penguin"", ""Brave Storybook Knight"", ""Gentle Bubble Whale"", ""Radiant Firefly Spirit"", ""Quirky Patchwork Monster"", ""Friendly Prairie Deer"", ""Tiny Garden Gnome"", ""Whimsical Teapot Character"", ""Cheerful Balloon Animal"", ""Curious Coral Reef Creature"", ""Playful Cloud Puppy"", ""Kind Forest Guardian"", ""Colorful Tropical Toucan"", ""Sleepy Pajama Bear"", ""Adventurous River Beaver"", ""Gentle Pastel Unicorn"", ""Funny Tin Toy Robot"", ""Bright Meadow Butterfly"", ""Cozy Winter Squirrel"", ""Heroic Little Badger"", ""Magical Lantern Sprite"", ""Friendly Orchard Goose"", ""Curious Pocket Dragon"", ""Playful Rainy-Day Frog"", ""Soft Woolly Alpaca"", ""Cheerful Woodland Raccoon"", ""Dapper Cartoon Penguin"", ""Mellow Sunset Llama"", ""Spirited Prairie Dog"", ""Tiny Blueberry Goblin"", ""Graceful Garden Swan"", ""Friendly Toy Soldier"", ""Whimsical Clockwork Bird"", ""Happy Picnic Hamster"", ""Brave Coral Seahorse"", ""Cozy Storybook Lamb"", ""Curious Bamboo Panda"", ""Playful Desert Meerkat"", ""Gentle Twilight Moth"", ""Colorful Kite Creature"", ""Sunny Cartoon Chick"", ""Clever Little Inventor"", ""Dreamy Ocean Dolphin"", ""Cheerful Acorn Sprite"", ""Funny Polka-Dot Monster"", ""Kindhearted Snow Fox"", ""Playful Blossom Fairy"", ""Friendly Lighthouse Keeper"", ""Adventurous Sky Captain"", ""Cozy Cinnamon Bear"", ""Curious Pebble Golem"", ""Joyful Raincloud Creature"", ""Gentle Cartoon Retriever"", ""Musical Meadow Mouse"", ""Bright Comet Traveler"", ""Playful Pumpkin Goblin"", ""Friendly Seaside Seal"", ""Whimsical Paper Dragon"", ""Cheerful Gingerbread Character"", ""Calm Mountain Yeti""]",101,30,30,101,V,0,1.0,1.0,0,20,7.5,80,27.7328759431839,82.93571598533805,8e1e023bce7ca4cd3203d17db8622833c41321e96ffd0742d0eca20bfe89de18,2abf98c192d10f7b12400180e48eb3cac664fe6243cfb17c68ec2f3fc49ef549
snoopy,instance,Snoopy,1,Pikachu,non_target,target_global_pairwise_residual_subspace,target_global_pairwise_residual_subspace,,"["""", ""Cheerful Cartoon Mouse"", ""Playful Cartoon Dog"", ""Goofy Sea Creature"", ""Cute Electric Fantasy Creature"", ""Minimalist Cute Cat"", ""Friendly Woodland Mascot"", ""Retro Animal Cartoon"", ""Kawaii Fantasy Mascot"", ""Funny Everyday Hero"", ""Universal Cute Mascot"", ""Curious Cartoon Rabbit"", ""Joyful Forest Squirrel"", ""Whimsical Garden Hedgehog"", ""Brave Little Lion"", ""Gentle Storybook Bear"", ""Mischievous Cartoon Fox"", ""Sleepy Cloud Creature"", ""Bright Rainbow Bird"", ""Cozy Pocket Monster"", ""Playful Farm Piglet"", ""Smiling Ocean Turtle"", ""Cheerful Meadow Frog"", ""Tiny Space Explorer"", ""Friendly Moon Rabbit"", ""Colorful Carnival Parrot"", ""Adventurous Mountain Goat"", ""Gentle River Otter"", ""Clever City Raccoon"", ""Happy Sunflower Sprite"", ""Shy Mushroom Friend"", ""Energetic Jungle Monkey"", ""Kindhearted Cartoon Elephant"", ""Curious Desert Fennec"", ""Bouncy Marshmallow Creature"", ""Dreamy Starry Fox"", ""Helpful Little Robot"", ""Musical Woodland Bird"", ""Peaceful Lavender Dragon"", ""Sunny Beach Crab"", ""Cozy Autumn Hedgehog"", ""Playful Snowy Penguin"", ""Brave Storybook Knight"", ""Gentle Bubble Whale"", ""Radiant Firefly Spirit"", ""Quirky Patchwork Monster"", ""Friendly Prairie Deer"", ""Tiny Garden Gnome"", ""Whimsical Teapot Character"", ""Cheerful Balloon Animal"", ""Curious Coral Reef Creature"", ""Playful Cloud Puppy"", ""Kind Forest Guardian"", ""Colorful Tropical Toucan"", ""Sleepy Pajama Bear"", ""Adventurous River Beaver"", ""Gentle Pastel Unicorn"", ""Funny Tin Toy Robot"", ""Bright Meadow Butterfly"", ""Cozy Winter Squirrel"", ""Heroic Little Badger"", ""Magical Lantern Sprite"", ""Friendly Orchard Goose"", ""Curious Pocket Dragon"", ""Playful Rainy-Day Frog"", ""Soft Woolly Alpaca"", ""Cheerful Woodland Raccoon"", ""Dapper Cartoon Penguin"", ""Mellow Sunset Llama"", ""Spirited Prairie Dog"", ""Tiny Blueberry Goblin"", ""Graceful Garden Swan"", ""Friendly Toy Soldier"", ""Whimsical Clockwork Bird"", ""Happy Picnic Hamster"", ""Brave Coral Seahorse"", ""Cozy Storybook Lamb"", ""Curious Bamboo Panda"", ""Playful Desert Meerkat"", ""Gentle Twilight Moth"", ""Colorful Kite Creature"", ""Sunny Cartoon Chick"", ""Clever Little Inventor"", ""Dreamy Ocean Dolphin"", ""Cheerful Acorn Sprite"", ""Funny Polka-Dot Monster"", ""Kindhearted Snow Fox"", ""Playful Blossom Fairy"", ""Friendly Lighthouse Keeper"", ""Adventurous Sky Captain"", ""Cozy Cinnamon Bear"", ""Curious Pebble Golem"", ""Joyful Raincloud Creature"", ""Gentle Cartoon Retriever"", ""Musical Meadow Mouse"", ""Bright Comet Traveler"", ""Playful Pumpkin Goblin"", ""Friendly Seaside Seal"", ""Whimsical Paper Dragon"", ""Cheerful Gingerbread Character"", ""Calm Mountain Yeti""]",101,30,30,101,V,0,1.0,1.0,0,20,7.5,80,28.018635511398315,52.214298034542196,1925a42fdac43116b9f5ae5f7a80aeb6934d1f7191b53a62156213b1e2b12526,2abf98c192d10f7b12400180e48eb3cac664fe6243cfb17c68ec2f3fc49ef549
snoopy,instance,Snoopy,1,Hello Kitty,non_target,target_global_pairwise_residual_subspace,target_global_pairwise_residual_subspace,,"["""", ""Cheerful Cartoon Mouse"", ""Playful Cartoon Dog"", ""Goofy Sea Creature"", ""Cute Electric Fantasy Creature"", ""Minimalist Cute Cat"", ""Friendly Woodland Mascot"", ""Retro Animal Cartoon"", ""Kawaii Fantasy Mascot"", ""Funny Everyday Hero"", ""Universal Cute Mascot"", ""Curious Cartoon Rabbit"", ""Joyful Forest Squirrel"", ""Whimsical Garden Hedgehog"", ""Brave Little Lion"", ""Gentle Storybook Bear"", ""Mischievous Cartoon Fox"", ""Sleepy Cloud Creature"", ""Bright Rainbow Bird"", ""Cozy Pocket Monster"", ""Playful Farm Piglet"", ""Smiling Ocean Turtle"", ""Cheerful Meadow Frog"", ""Tiny Space Explorer"", ""Friendly Moon Rabbit"", ""Colorful Carnival Parrot"", ""Adventurous Mountain Goat"", ""Gentle River Otter"", ""Clever City Raccoon"", ""Happy Sunflower Sprite"", ""Shy Mushroom Friend"", ""Energetic Jungle Monkey"", ""Kindhearted Cartoon Elephant"", ""Curious Desert Fennec"", ""Bouncy Marshmallow Creature"", ""Dreamy Starry Fox"", ""Helpful Little Robot"", ""Musical Woodland Bird"", ""Peaceful Lavender Dragon"", ""Sunny Beach Crab"", ""Cozy Autumn Hedgehog"", ""Playful Snowy Penguin"", ""Brave Storybook Knight"", ""Gentle Bubble Whale"", ""Radiant Firefly Spirit"", ""Quirky Patchwork Monster"", ""Friendly Prairie Deer"", ""Tiny Garden Gnome"", ""Whimsical Teapot Character"", ""Cheerful Balloon Animal"", ""Curious Coral Reef Creature"", ""Playful Cloud Puppy"", ""Kind Forest Guardian"", ""Colorful Tropical Toucan"", ""Sleepy Pajama Bear"", ""Adventurous River Beaver"", ""Gentle Pastel Unicorn"", ""Funny Tin Toy Robot"", ""Bright Meadow Butterfly"", ""Cozy Winter Squirrel"", ""Heroic Little Badger"", ""Magical Lantern Sprite"", ""Friendly Orchard Goose"", ""Curious Pocket Dragon"", ""Playful Rainy-Day Frog"", ""Soft Woolly Alpaca"", ""Cheerful Woodland Raccoon"", ""Dapper Cartoon Penguin"", ""Mellow Sunset Llama"", ""Spirited Prairie Dog"", ""Tiny Blueberry Goblin"", ""Graceful Garden Swan"", ""Friendly Toy Soldier"", ""Whimsical Clockwork Bird"", ""Happy Picnic Hamster"", ""Brave Coral Seahorse"", ""Cozy Storybook Lamb"", ""Curious Bamboo Panda"", ""Playful Desert Meerkat"", ""Gentle Twilight Moth"", ""Colorful Kite Creature"", ""Sunny Cartoon Chick"", ""Clever Little Inventor"", ""Dreamy Ocean Dolphin"", ""Cheerful Acorn Sprite"", ""Funny Polka-Dot Monster"", ""Kindhearted Snow Fox"", ""Playful Blossom Fairy"", ""Friendly Lighthouse Keeper"", ""Adventurous Sky Captain"", ""Cozy Cinnamon Bear"", ""Curious Pebble Golem"", ""Joyful Raincloud Creature"", ""Gentle Cartoon Retriever"", ""Musical Meadow Mouse"", ""Bright Comet Traveler"", ""Playful Pumpkin Goblin"", ""Friendly Seaside Seal"", ""Whimsical Paper Dragon"", ""Cheerful Gingerbread Character"", ""Calm Mountain Yeti""]",101,30,30,101,V,0,1.0,1.0,0,20,7.5,80,27.848491668701172,60.43906904288755,14d49306b2a330483eb0bf6c38945d8704f4be49c5f0b1554ceebbf176880cac,2abf98c192d10f7b12400180e48eb3cac664fe6243cfb17c68ec2f3fc49ef549
snoopy,instance,Snoopy,1,coco,coco,target_global_pairwise_residual_subspace,target_global_pairwise_residual_subspace,,"["""", ""Cheerful Cartoon Mouse"", ""Playful Cartoon Dog"", ""Goofy Sea Creature"", ""Cute Electric Fantasy Creature"", ""Minimalist Cute Cat"", ""Friendly Woodland Mascot"", ""Retro Animal Cartoon"", ""Kawaii Fantasy Mascot"", ""Funny Everyday Hero"", ""Universal Cute Mascot"", ""Curious Cartoon Rabbit"", ""Joyful Forest Squirrel"", ""Whimsical Garden Hedgehog"", ""Brave Little Lion"", ""Gentle Storybook Bear"", ""Mischievous Cartoon Fox"", ""Sleepy Cloud Creature"", ""Bright Rainbow Bird"", ""Cozy Pocket Monster"", ""Playful Farm Piglet"", ""Smiling Ocean Turtle"", ""Cheerful Meadow Frog"", ""Tiny Space Explorer"", ""Friendly Moon Rabbit"", ""Colorful Carnival Parrot"", ""Adventurous Mountain Goat"", ""Gentle River Otter"", ""Clever City Raccoon"", ""Happy Sunflower Sprite"", ""Shy Mushroom Friend"", ""Energetic Jungle Monkey"", ""Kindhearted Cartoon Elephant"", ""Curious Desert Fennec"", ""Bouncy Marshmallow Creature"", ""Dreamy Starry Fox"", ""Helpful Little Robot"", ""Musical Woodland Bird"", ""Peaceful Lavender Dragon"", ""Sunny Beach Crab"", ""Cozy Autumn Hedgehog"", ""Playful Snowy Penguin"", ""Brave Storybook Knight"", ""Gentle Bubble Whale"", ""Radiant Firefly Spirit"", ""Quirky Patchwork Monster"", ""Friendly Prairie Deer"", ""Tiny Garden Gnome"", ""Whimsical Teapot Character"", ""Cheerful Balloon Animal"", ""Curious Coral Reef Creature"", ""Playful Cloud Puppy"", ""Kind Forest Guardian"", ""Colorful Tropical Toucan"", ""Sleepy Pajama Bear"", ""Adventurous River Beaver"", ""Gentle Pastel Unicorn"", ""Funny Tin Toy Robot"", ""Bright Meadow Butterfly"", ""Cozy Winter Squirrel"", ""Heroic Little Badger"", ""Magical Lantern Sprite"", ""Friendly Orchard Goose"", ""Curious Pocket Dragon"", ""Playful Rainy-Day Frog"", ""Soft Woolly Alpaca"", ""Cheerful Woodland Raccoon"", ""Dapper Cartoon Penguin"", ""Mellow Sunset Llama"", ""Spirited Prairie Dog"", ""Tiny Blueberry Goblin"", ""Graceful Garden Swan"", ""Friendly Toy Soldier"", ""Whimsical Clockwork Bird"", ""Happy Picnic Hamster"", ""Brave Coral Seahorse"", ""Cozy Storybook Lamb"", ""Curious Bamboo Panda"", ""Playful Desert Meerkat"", ""Gentle Twilight Moth"", ""Colorful Kite Creature"", ""Sunny Cartoon Chick"", ""Clever Little Inventor"", ""Dreamy Ocean Dolphin"", ""Cheerful Acorn Sprite"", ""Funny Polka-Dot Monster"", ""Kindhearted Snow Fox"", ""Playful Blossom Fairy"", ""Friendly Lighthouse Keeper"", ""Adventurous Sky Captain"", ""Cozy Cinnamon Bear"", ""Curious Pebble Golem"", ""Joyful Raincloud Creature"", ""Gentle Cartoon Retriever"", ""Musical Meadow Mouse"", ""Bright Comet Traveler"", ""Playful Pumpkin Goblin"", ""Friendly Seaside Seal"", ""Whimsical Paper Dragon"", ""Cheerful Gingerbread Character"", ""Calm Mountain Yeti""]",101,30,30,101,V,0,1.0,1.0,0,20,7.5,100,26.300391495227814,55.28458852223838,32083c27fe13db712ad5dbfe1c6f68e574c58d970065a2542ba166e967e0086f,2abf98c192d10f7b12400180e48eb3cac664fe6243cfb17c68ec2f3fc49ef549
snoopy_mickey,instance,"Snoopy, Mickey",2,Snoopy,target,original,,,,,,,,,,,,0,20,7.5,80,28.7814199924469,0.0,49e7e3568ff3607e24a82cf1ce6ee492b15e3e82e30d932c39475a3548c6ee7b,2abf98c192d10f7b12400180e48eb3cac664fe6243cfb17c68ec2f3fc49ef549
snoopy_mickey,instance,"Snoopy, Mickey",2,Mickey,target,original,,,,,,,,,,,,0,20,7.5,80,26.416752338409424,0.0,171f1dc04f5775b2d6e50bec0b688ed8d26570b373c34bf6f4a2b957fbb2d81a,2abf98c192d10f7b12400180e48eb3cac664fe6243cfb17c68ec2f3fc49ef549
snoopy_mickey,instance,"Snoopy, Mickey",2,Spongebob,non_target,original,,,,,,,,,,,,0,20,7.5,80,27.624553442001343,0.0,526475e63b4cc2dd4d5d61642bdb9a60c531413090f87e638cdffde470f42e60,2abf98c192d10f7b12400180e48eb3cac664fe6243cfb17c68ec2f3fc49ef549
snoopy_mickey,instance,"Snoopy, Mickey",2,Pikachu,non_target,original,,,,,,,,,,,,0,20,7.5,80,27.962318658828735,0.0,acd7c68313b4f5df72c2f8845b58619c038c389a23fa7c47f8d23499604f8555,2abf98c192d10f7b12400180e48eb3cac664fe6243cfb17c68ec2f3fc49ef549
snoopy_mickey,instance,"Snoopy, Mickey",2,Hello Kitty,non_target,original,,,,,,,,,,,,0,20,7.5,80,27.907118797302246,0.0,15d9ea6c75e57d5b3a54a8d042a443b021cf0421a3816d96ea65484f99a17df4,2abf98c192d10f7b12400180e48eb3cac664fe6243cfb17c68ec2f3fc49ef549
snoopy_mickey,instance,"Snoopy, Mickey",2,coco,coco,original,,,,,,,,,,,,0,20,7.5,100,26.373212575912476,0.0,b431f9e77288f2da41e7ce715886325ba92277b4d01f657e7a7d147624c83bea,2abf98c192d10f7b12400180e48eb3cac664fe6243cfb17c68ec2f3fc49ef549
snoopy_mickey,instance,"Snoopy, Mickey",2,Snoopy,target,target_global_pairwise_residual_subspace,target_global_pairwise_residual_subspace,,"["""", ""Cheerful Cartoon Mouse"", ""Playful Cartoon Dog"", ""Goofy Sea Creature"", ""Cute Electric Fantasy Creature"", ""Minimalist Cute Cat"", ""Friendly Woodland Mascot"", ""Retro Animal Cartoon"", ""Kawaii Fantasy Mascot"", ""Funny Everyday Hero"", ""Universal Cute Mascot"", ""Curious Cartoon Rabbit"", ""Joyful Forest Squirrel"", ""Whimsical Garden Hedgehog"", ""Brave Little Lion"", ""Gentle Storybook Bear"", ""Mischievous Cartoon Fox"", ""Sleepy Cloud Creature"", ""Bright Rainbow Bird"", ""Cozy Pocket Monster"", ""Playful Farm Piglet"", ""Smiling Ocean Turtle"", ""Cheerful Meadow Frog"", ""Tiny Space Explorer"", ""Friendly Moon Rabbit"", ""Colorful Carnival Parrot"", ""Adventurous Mountain Goat"", ""Gentle River Otter"", ""Clever City Raccoon"", ""Happy Sunflower Sprite"", ""Shy Mushroom Friend"", ""Energetic Jungle Monkey"", ""Kindhearted Cartoon Elephant"", ""Curious Desert Fennec"", ""Bouncy Marshmallow Creature"", ""Dreamy Starry Fox"", ""Helpful Little Robot"", ""Musical Woodland Bird"", ""Peaceful Lavender Dragon"", ""Sunny Beach Crab"", ""Cozy Autumn Hedgehog"", ""Playful Snowy Penguin"", ""Brave Storybook Knight"", ""Gentle Bubble Whale"", ""Radiant Firefly Spirit"", ""Quirky Patchwork Monster"", ""Friendly Prairie Deer"", ""Tiny Garden Gnome"", ""Whimsical Teapot Character"", ""Cheerful Balloon Animal"", ""Curious Coral Reef Creature"", ""Playful Cloud Puppy"", ""Kind Forest Guardian"", ""Colorful Tropical Toucan"", ""Sleepy Pajama Bear"", ""Adventurous River Beaver"", ""Gentle Pastel Unicorn"", ""Funny Tin Toy Robot"", ""Bright Meadow Butterfly"", ""Cozy Winter Squirrel"", ""Heroic Little Badger"", ""Magical Lantern Sprite"", ""Friendly Orchard Goose"", ""Curious Pocket Dragon"", ""Playful Rainy-Day Frog"", ""Soft Woolly Alpaca"", ""Cheerful Woodland Raccoon"", ""Dapper Cartoon Penguin"", ""Mellow Sunset Llama"", ""Spirited Prairie Dog"", ""Tiny Blueberry Goblin"", ""Graceful Garden Swan"", ""Friendly Toy Soldier"", ""Whimsical Clockwork Bird"", ""Happy Picnic Hamster"", ""Brave Coral Seahorse"", ""Cozy Storybook Lamb"", ""Curious Bamboo Panda"", ""Playful Desert Meerkat"", ""Gentle Twilight Moth"", ""Colorful Kite Creature"", ""Sunny Cartoon Chick"", ""Clever Little Inventor"", ""Dreamy Ocean Dolphin"", ""Cheerful Acorn Sprite"", ""Funny Polka-Dot Monster"", ""Kindhearted Snow Fox"", ""Playful Blossom Fairy"", ""Friendly Lighthouse Keeper"", ""Adventurous Sky Captain"", ""Cozy Cinnamon Bear"", ""Curious Pebble Golem"", ""Joyful Raincloud Creature"", ""Gentle Cartoon Retriever"", ""Musical Meadow Mouse"", ""Bright Comet Traveler"", ""Playful Pumpkin Goblin"", ""Friendly Seaside Seal"", ""Whimsical Paper Dragon"", ""Cheerful Gingerbread Character"", ""Calm Mountain Yeti""]",101,30,30,204,V,0,1.0,1.0,0,20,7.5,80,19.67883139848709,218.9211001033555,6d2c123e4b00d9ae9df474a67761aad6f05fc9d110a9e29940d0766fabda0201,2abf98c192d10f7b12400180e48eb3cac664fe6243cfb17c68ec2f3fc49ef549
snoopy_mickey,instance,"Snoopy, Mickey",2,Mickey,target,target_global_pairwise_residual_subspace,target_global_pairwise_residual_subspace,,"["""", ""Cheerful Cartoon Mouse"", ""Playful Cartoon Dog"", ""Goofy Sea Creature"", ""Cute Electric Fantasy Creature"", ""Minimalist Cute Cat"", ""Friendly Woodland Mascot"", ""Retro Animal Cartoon"", ""Kawaii Fantasy Mascot"", ""Funny Everyday Hero"", ""Universal Cute Mascot"", ""Curious Cartoon Rabbit"", ""Joyful Forest Squirrel"", ""Whimsical Garden Hedgehog"", ""Brave Little Lion"", ""Gentle Storybook Bear"", ""Mischievous Cartoon Fox"", ""Sleepy Cloud Creature"", ""Bright Rainbow Bird"", ""Cozy Pocket Monster"", ""Playful Farm Piglet"", ""Smiling Ocean Turtle"", ""Cheerful Meadow Frog"", ""Tiny Space Explorer"", ""Friendly Moon Rabbit"", ""Colorful Carnival Parrot"", ""Adventurous Mountain Goat"", ""Gentle River Otter"", ""Clever City Raccoon"", ""Happy Sunflower Sprite"", ""Shy Mushroom Friend"", ""Energetic Jungle Monkey"", ""Kindhearted Cartoon Elephant"", ""Curious Desert Fennec"", ""Bouncy Marshmallow Creature"", ""Dreamy Starry Fox"", ""Helpful Little Robot"", ""Musical Woodland Bird"", ""Peaceful Lavender Dragon"", ""Sunny Beach Crab"", ""Cozy Autumn Hedgehog"", ""Playful Snowy Penguin"", ""Brave Storybook Knight"", ""Gentle Bubble Whale"", ""Radiant Firefly Spirit"", ""Quirky Patchwork Monster"", ""Friendly Prairie Deer"", ""Tiny Garden Gnome"", ""Whimsical Teapot Character"", ""Cheerful Balloon Animal"", ""Curious Coral Reef Creature"", ""Playful Cloud Puppy"", ""Kind Forest Guardian"", ""Colorful Tropical Toucan"", ""Sleepy Pajama Bear"", ""Adventurous River Beaver"", ""Gentle Pastel Unicorn"", ""Funny Tin Toy Robot"", ""Bright Meadow Butterfly"", ""Cozy Winter Squirrel"", ""Heroic Little Badger"", ""Magical Lantern Sprite"", ""Friendly Orchard Goose"", ""Curious Pocket Dragon"", ""Playful Rainy-Day Frog"", ""Soft Woolly Alpaca"", ""Cheerful Woodland Raccoon"", ""Dapper Cartoon Penguin"", ""Mellow Sunset Llama"", ""Spirited Prairie Dog"", ""Tiny Blueberry Goblin"", ""Graceful Garden Swan"", ""Friendly Toy Soldier"", ""Whimsical Clockwork Bird"", ""Happy Picnic Hamster"", ""Brave Coral Seahorse"", ""Cozy Storybook Lamb"", ""Curious Bamboo Panda"", ""Playful Desert Meerkat"", ""Gentle Twilight Moth"", ""Colorful Kite Creature"", ""Sunny Cartoon Chick"", ""Clever Little Inventor"", ""Dreamy Ocean Dolphin"", ""Cheerful Acorn Sprite"", ""Funny Polka-Dot Monster"", ""Kindhearted Snow Fox"", ""Playful Blossom Fairy"", ""Friendly Lighthouse Keeper"", ""Adventurous Sky Captain"", ""Cozy Cinnamon Bear"", ""Curious Pebble Golem"", ""Joyful Raincloud Creature"", ""Gentle Cartoon Retriever"", ""Musical Meadow Mouse"", ""Bright Comet Traveler"", ""Playful Pumpkin Goblin"", ""Friendly Seaside Seal"", ""Whimsical Paper Dragon"", ""Cheerful Gingerbread Character"", ""Calm Mountain Yeti""]",101,30,30,204,V,0,1.0,1.0,0,20,7.5,80,19.107216596603394,193.75961807305492,bab07c505592da4260313b436e9f1ecb4ee876cabf57fa12637f1260394883d6,2abf98c192d10f7b12400180e48eb3cac664fe6243cfb17c68ec2f3fc49ef549
snoopy_mickey,instance,"Snoopy, Mickey",2,Spongebob,non_target,target_global_pairwise_residual_subspace,target_global_pairwise_residual_subspace,,"["""", ""Cheerful Cartoon Mouse"", ""Playful Cartoon Dog"", ""Goofy Sea Creature"", ""Cute Electric Fantasy Creature"", ""Minimalist Cute Cat"", ""Friendly Woodland Mascot"", ""Retro Animal Cartoon"", ""Kawaii Fantasy Mascot"", ""Funny Everyday Hero"", ""Universal Cute Mascot"", ""Curious Cartoon Rabbit"", ""Joyful Forest Squirrel"", ""Whimsical Garden Hedgehog"", ""Brave Little Lion"", ""Gentle Storybook Bear"", ""Mischievous Cartoon Fox"", ""Sleepy Cloud Creature"", ""Bright Rainbow Bird"", ""Cozy Pocket Monster"", ""Playful Farm Piglet"", ""Smiling Ocean Turtle"", ""Cheerful Meadow Frog"", ""Tiny Space Explorer"", ""Friendly Moon Rabbit"", ""Colorful Carnival Parrot"", ""Adventurous Mountain Goat"", ""Gentle River Otter"", ""Clever City Raccoon"", ""Happy Sunflower Sprite"", ""Shy Mushroom Friend"", ""Energetic Jungle Monkey"", ""Kindhearted Cartoon Elephant"", ""Curious Desert Fennec"", ""Bouncy Marshmallow Creature"", ""Dreamy Starry Fox"", ""Helpful Little Robot"", ""Musical Woodland Bird"", ""Peaceful Lavender Dragon"", ""Sunny Beach Crab"", ""Cozy Autumn Hedgehog"", ""Playful Snowy Penguin"", ""Brave Storybook Knight"", ""Gentle Bubble Whale"", ""Radiant Firefly Spirit"", ""Quirky Patchwork Monster"", ""Friendly Prairie Deer"", ""Tiny Garden Gnome"", ""Whimsical Teapot Character"", ""Cheerful Balloon Animal"", ""Curious Coral Reef Creature"", ""Playful Cloud Puppy"", ""Kind Forest Guardian"", ""Colorful Tropical Toucan"", ""Sleepy Pajama Bear"", ""Adventurous River Beaver"", ""Gentle Pastel Unicorn"", ""Funny Tin Toy Robot"", ""Bright Meadow Butterfly"", ""Cozy Winter Squirrel"", ""Heroic Little Badger"", ""Magical Lantern Sprite"", ""Friendly Orchard Goose"", ""Curious Pocket Dragon"", ""Playful Rainy-Day Frog"", ""Soft Woolly Alpaca"", ""Cheerful Woodland Raccoon"", ""Dapper Cartoon Penguin"", ""Mellow Sunset Llama"", ""Spirited Prairie Dog"", ""Tiny Blueberry Goblin"", ""Graceful Garden Swan"", ""Friendly Toy Soldier"", ""Whimsical Clockwork Bird"", ""Happy Picnic Hamster"", ""Brave Coral Seahorse"", ""Cozy Storybook Lamb"", ""Curious Bamboo Panda"", ""Playful Desert Meerkat"", ""Gentle Twilight Moth"", ""Colorful Kite Creature"", ""Sunny Cartoon Chick"", ""Clever Little Inventor"", ""Dreamy Ocean Dolphin"", ""Cheerful Acorn Sprite"", ""Funny Polka-Dot Monster"", ""Kindhearted Snow Fox"", ""Playful Blossom Fairy"", ""Friendly Lighthouse Keeper"", ""Adventurous Sky Captain"", ""Cozy Cinnamon Bear"", ""Curious Pebble Golem"", ""Joyful Raincloud Creature"", ""Gentle Cartoon Retriever"", ""Musical Meadow Mouse"", ""Bright Comet Traveler"", ""Playful Pumpkin Goblin"", ""Friendly Seaside Seal"", ""Whimsical Paper Dragon"", ""Cheerful Gingerbread Character"", ""Calm Mountain Yeti""]",101,30,30,204,V,0,1.0,1.0,0,20,7.5,80,27.616488933563232,111.84358150238165,92cf426096ef81878c5583e7e79ded7d35f8da98dba67f297a6113770ccb8a0a,2abf98c192d10f7b12400180e48eb3cac664fe6243cfb17c68ec2f3fc49ef549
snoopy_mickey,instance,"Snoopy, Mickey",2,Pikachu,non_target,target_global_pairwise_residual_subspace,target_global_pairwise_residual_subspace,,"["""", ""Cheerful Cartoon Mouse"", ""Playful Cartoon Dog"", ""Goofy Sea Creature"", ""Cute Electric Fantasy Creature"", ""Minimalist Cute Cat"", ""Friendly Woodland Mascot"", ""Retro Animal Cartoon"", ""Kawaii Fantasy Mascot"", ""Funny Everyday Hero"", ""Universal Cute Mascot"", ""Curious Cartoon Rabbit"", ""Joyful Forest Squirrel"", ""Whimsical Garden Hedgehog"", ""Brave Little Lion"", ""Gentle Storybook Bear"", ""Mischievous Cartoon Fox"", ""Sleepy Cloud Creature"", ""Bright Rainbow Bird"", ""Cozy Pocket Monster"", ""Playful Farm Piglet"", ""Smiling Ocean Turtle"", ""Cheerful Meadow Frog"", ""Tiny Space Explorer"", ""Friendly Moon Rabbit"", ""Colorful Carnival Parrot"", ""Adventurous Mountain Goat"", ""Gentle River Otter"", ""Clever City Raccoon"", ""Happy Sunflower Sprite"", ""Shy Mushroom Friend"", ""Energetic Jungle Monkey"", ""Kindhearted Cartoon Elephant"", ""Curious Desert Fennec"", ""Bouncy Marshmallow Creature"", ""Dreamy Starry Fox"", ""Helpful Little Robot"", ""Musical Woodland Bird"", ""Peaceful Lavender Dragon"", ""Sunny Beach Crab"", ""Cozy Autumn Hedgehog"", ""Playful Snowy Penguin"", ""Brave Storybook Knight"", ""Gentle Bubble Whale"", ""Radiant Firefly Spirit"", ""Quirky Patchwork Monster"", ""Friendly Prairie Deer"", ""Tiny Garden Gnome"", ""Whimsical Teapot Character"", ""Cheerful Balloon Animal"", ""Curious Coral Reef Creature"", ""Playful Cloud Puppy"", ""Kind Forest Guardian"", ""Colorful Tropical Toucan"", ""Sleepy Pajama Bear"", ""Adventurous River Beaver"", ""Gentle Pastel Unicorn"", ""Funny Tin Toy Robot"", ""Bright Meadow Butterfly"", ""Cozy Winter Squirrel"", ""Heroic Little Badger"", ""Magical Lantern Sprite"", ""Friendly Orchard Goose"", ""Curious Pocket Dragon"", ""Playful Rainy-Day Frog"", ""Soft Woolly Alpaca"", ""Cheerful Woodland Raccoon"", ""Dapper Cartoon Penguin"", ""Mellow Sunset Llama"", ""Spirited Prairie Dog"", ""Tiny Blueberry Goblin"", ""Graceful Garden Swan"", ""Friendly Toy Soldier"", ""Whimsical Clockwork Bird"", ""Happy Picnic Hamster"", ""Brave Coral Seahorse"", ""Cozy Storybook Lamb"", ""Curious Bamboo Panda"", ""Playful Desert Meerkat"", ""Gentle Twilight Moth"", ""Colorful Kite Creature"", ""Sunny Cartoon Chick"", ""Clever Little Inventor"", ""Dreamy Ocean Dolphin"", ""Cheerful Acorn Sprite"", ""Funny Polka-Dot Monster"", ""Kindhearted Snow Fox"", ""Playful Blossom Fairy"", ""Friendly Lighthouse Keeper"", ""Adventurous Sky Captain"", ""Cozy Cinnamon Bear"", ""Curious Pebble Golem"", ""Joyful Raincloud Creature"", ""Gentle Cartoon Retriever"", ""Musical Meadow Mouse"", ""Bright Comet Traveler"", ""Playful Pumpkin Goblin"", ""Friendly Seaside Seal"", ""Whimsical Paper Dragon"", ""Cheerful Gingerbread Character"", ""Calm Mountain Yeti""]",101,30,30,204,V,0,1.0,1.0,0,20,7.5,80,28.114917278289795,62.95188379579861,d57fe9f40c8ad3358b56f444cf5659fb644f2bab7a58231ba007b7f9cfa9a91a,2abf98c192d10f7b12400180e48eb3cac664fe6243cfb17c68ec2f3fc49ef549
snoopy_mickey,instance,"Snoopy, Mickey",2,Hello Kitty,non_target,target_global_pairwise_residual_subspace,target_global_pairwise_residual_subspace,,"["""", ""Cheerful Cartoon Mouse"", ""Playful Cartoon Dog"", ""Goofy Sea Creature"", ""Cute Electric Fantasy Creature"", ""Minimalist Cute Cat"", ""Friendly Woodland Mascot"", ""Retro Animal Cartoon"", ""Kawaii Fantasy Mascot"", ""Funny Everyday Hero"", ""Universal Cute Mascot"", ""Curious Cartoon Rabbit"", ""Joyful Forest Squirrel"", ""Whimsical Garden Hedgehog"", ""Brave Little Lion"", ""Gentle Storybook Bear"", ""Mischievous Cartoon Fox"", ""Sleepy Cloud Creature"", ""Bright Rainbow Bird"", ""Cozy Pocket Monster"", ""Playful Farm Piglet"", ""Smiling Ocean Turtle"", ""Cheerful Meadow Frog"", ""Tiny Space Explorer"", ""Friendly Moon Rabbit"", ""Colorful Carnival Parrot"", ""Adventurous Mountain Goat"", ""Gentle River Otter"", ""Clever City Raccoon"", ""Happy Sunflower Sprite"", ""Shy Mushroom Friend"", ""Energetic Jungle Monkey"", ""Kindhearted Cartoon Elephant"", ""Curious Desert Fennec"", ""Bouncy Marshmallow Creature"", ""Dreamy Starry Fox"", ""Helpful Little Robot"", ""Musical Woodland Bird"", ""Peaceful Lavender Dragon"", ""Sunny Beach Crab"", ""Cozy Autumn Hedgehog"", ""Playful Snowy Penguin"", ""Brave Storybook Knight"", ""Gentle Bubble Whale"", ""Radiant Firefly Spirit"", ""Quirky Patchwork Monster"", ""Friendly Prairie Deer"", ""Tiny Garden Gnome"", ""Whimsical Teapot Character"", ""Cheerful Balloon Animal"", ""Curious Coral Reef Creature"", ""Playful Cloud Puppy"", ""Kind Forest Guardian"", ""Colorful Tropical Toucan"", ""Sleepy Pajama Bear"", ""Adventurous River Beaver"", ""Gentle Pastel Unicorn"", ""Funny Tin Toy Robot"", ""Bright Meadow Butterfly"", ""Cozy Winter Squirrel"", ""Heroic Little Badger"", ""Magical Lantern Sprite"", ""Friendly Orchard Goose"", ""Curious Pocket Dragon"", ""Playful Rainy-Day Frog"", ""Soft Woolly Alpaca"", ""Cheerful Woodland Raccoon"", ""Dapper Cartoon Penguin"", ""Mellow Sunset Llama"", ""Spirited Prairie Dog"", ""Tiny Blueberry Goblin"", ""Graceful Garden Swan"", ""Friendly Toy Soldier"", ""Whimsical Clockwork Bird"", ""Happy Picnic Hamster"", ""Brave Coral Seahorse"", ""Cozy Storybook Lamb"", ""Curious Bamboo Panda"", ""Playful Desert Meerkat"", ""Gentle Twilight Moth"", ""Colorful Kite Creature"", ""Sunny Cartoon Chick"", ""Clever Little Inventor"", ""Dreamy Ocean Dolphin"", ""Cheerful Acorn Sprite"", ""Funny Polka-Dot Monster"", ""Kindhearted Snow Fox"", ""Playful Blossom Fairy"", ""Friendly Lighthouse Keeper"", ""Adventurous Sky Captain"", ""Cozy Cinnamon Bear"", ""Curious Pebble Golem"", ""Joyful Raincloud Creature"", ""Gentle Cartoon Retriever"", ""Musical Meadow Mouse"", ""Bright Comet Traveler"", ""Playful Pumpkin Goblin"", ""Friendly Seaside Seal"", ""Whimsical Paper Dragon"", ""Cheerful Gingerbread Character"", ""Calm Mountain Yeti""]",101,30,30,204,V,0,1.0,1.0,0,20,7.5,80,28.046789169311523,96.54820214356073,d0d4b2f81aed1435454a26f418e2b9473284591d1125f2ffb6dc4a91b9a4ff7a,2abf98c192d10f7b12400180e48eb3cac664fe6243cfb17c68ec2f3fc49ef549
snoopy_mickey,instance,"Snoopy, Mickey",2,coco,coco,target_global_pairwise_residual_subspace,target_global_pairwise_residual_subspace,,"["""", ""Cheerful Cartoon Mouse"", ""Playful Cartoon Dog"", ""Goofy Sea Creature"", ""Cute Electric Fantasy Creature"", ""Minimalist Cute Cat"", ""Friendly Woodland Mascot"", ""Retro Animal Cartoon"", ""Kawaii Fantasy Mascot"", ""Funny Everyday Hero"", ""Universal Cute Mascot"", ""Curious Cartoon Rabbit"", ""Joyful Forest Squirrel"", ""Whimsical Garden Hedgehog"", ""Brave Little Lion"", ""Gentle Storybook Bear"", ""Mischievous Cartoon Fox"", ""Sleepy Cloud Creature"", ""Bright Rainbow Bird"", ""Cozy Pocket Monster"", ""Playful Farm Piglet"", ""Smiling Ocean Turtle"", ""Cheerful Meadow Frog"", ""Tiny Space Explorer"", ""Friendly Moon Rabbit"", ""Colorful Carnival Parrot"", ""Adventurous Mountain Goat"", ""Gentle River Otter"", ""Clever City Raccoon"", ""Happy Sunflower Sprite"", ""Shy Mushroom Friend"", ""Energetic Jungle Monkey"", ""Kindhearted Cartoon Elephant"", ""Curious Desert Fennec"", ""Bouncy Marshmallow Creature"", ""Dreamy Starry Fox"", ""Helpful Little Robot"", ""Musical Woodland Bird"", ""Peaceful Lavender Dragon"", ""Sunny Beach Crab"", ""Cozy Autumn Hedgehog"", ""Playful Snowy Penguin"", ""Brave Storybook Knight"", ""Gentle Bubble Whale"", ""Radiant Firefly Spirit"", ""Quirky Patchwork Monster"", ""Friendly Prairie Deer"", ""Tiny Garden Gnome"", ""Whimsical Teapot Character"", ""Cheerful Balloon Animal"", ""Curious Coral Reef Creature"", ""Playful Cloud Puppy"", ""Kind Forest Guardian"", ""Colorful Tropical Toucan"", ""Sleepy Pajama Bear"", ""Adventurous River Beaver"", ""Gentle Pastel Unicorn"", ""Funny Tin Toy Robot"", ""Bright Meadow Butterfly"", ""Cozy Winter Squirrel"", ""Heroic Little Badger"", ""Magical Lantern Sprite"", ""Friendly Orchard Goose"", ""Curious Pocket Dragon"", ""Playful Rainy-Day Frog"", ""Soft Woolly Alpaca"", ""Cheerful Woodland Raccoon"", ""Dapper Cartoon Penguin"", ""Mellow Sunset Llama"", ""Spirited Prairie Dog"", ""Tiny Blueberry Goblin"", ""Graceful Garden Swan"", ""Friendly Toy Soldier"", ""Whimsical Clockwork Bird"", ""Happy Picnic Hamster"", ""Brave Coral Seahorse"", ""Cozy Storybook Lamb"", ""Curious Bamboo Panda"", ""Playful Desert Meerkat"", ""Gentle Twilight Moth"", ""Colorful Kite Creature"", ""Sunny Cartoon Chick"", ""Clever Little Inventor"", ""Dreamy Ocean Dolphin"", ""Cheerful Acorn Sprite"", ""Funny Polka-Dot Monster"", ""Kindhearted Snow Fox"", ""Playful Blossom Fairy"", ""Friendly Lighthouse Keeper"", ""Adventurous Sky Captain"", ""Cozy Cinnamon Bear"", ""Curious Pebble Golem"", ""Joyful Raincloud Creature"", ""Gentle Cartoon Retriever"", ""Musical Meadow Mouse"", ""Bright Comet Traveler"", ""Playful Pumpkin Goblin"", ""Friendly Seaside Seal"", ""Whimsical Paper Dragon"", ""Cheerful Gingerbread Character"", ""Calm Mountain Yeti""]",101,30,30,204,V,0,1.0,1.0,0,20,7.5,100,26.333199739456177,69.16672654974064,256b30ea7a4a1be9b2859185267e8b4807d092337f3602613052565209d0b027,2abf98c192d10f7b12400180e48eb3cac664fe6243cfb17c68ec2f3fc49ef549
snoopy_mickey_spongebob,instance,"Snoopy, Mickey, Spongebob",3,Snoopy,target,original,,,,,,,,,,,,0,20,7.5,80,28.7814199924469,0.0,49e7e3568ff3607e24a82cf1ce6ee492b15e3e82e30d932c39475a3548c6ee7b,2abf98c192d10f7b12400180e48eb3cac664fe6243cfb17c68ec2f3fc49ef549
snoopy_mickey_spongebob,instance,"Snoopy, Mickey, Spongebob",3,Mickey,target,original,,,,,,,,,,,,0,20,7.5,80,26.416752338409424,0.0,171f1dc04f5775b2d6e50bec0b688ed8d26570b373c34bf6f4a2b957fbb2d81a,2abf98c192d10f7b12400180e48eb3cac664fe6243cfb17c68ec2f3fc49ef549
snoopy_mickey_spongebob,instance,"Snoopy, Mickey, Spongebob",3,Spongebob,target,original,,,,,,,,,,,,0,20,7.5,80,27.624553442001343,0.0,526475e63b4cc2dd4d5d61642bdb9a60c531413090f87e638cdffde470f42e60,2abf98c192d10f7b12400180e48eb3cac664fe6243cfb17c68ec2f3fc49ef549
snoopy_mickey_spongebob,instance,"Snoopy, Mickey, Spongebob",3,Pikachu,non_target,original,,,,,,,,,,,,0,20,7.5,80,27.962318658828735,0.0,acd7c68313b4f5df72c2f8845b58619c038c389a23fa7c47f8d23499604f8555,2abf98c192d10f7b12400180e48eb3cac664fe6243cfb17c68ec2f3fc49ef549
snoopy_mickey_spongebob,instance,"Snoopy, Mickey, Spongebob",3,Hello Kitty,non_target,original,,,,,,,,,,,,0,20,7.5,80,27.907118797302246,0.0,15d9ea6c75e57d5b3a54a8d042a443b021cf0421a3816d96ea65484f99a17df4,2abf98c192d10f7b12400180e48eb3cac664fe6243cfb17c68ec2f3fc49ef549
snoopy_mickey_spongebob,instance,"Snoopy, Mickey, Spongebob",3,coco,coco,original,,,,,,,,,,,,0,20,7.5,100,26.373212575912476,0.0,b431f9e77288f2da41e7ce715886325ba92277b4d01f657e7a7d147624c83bea,2abf98c192d10f7b12400180e48eb3cac664fe6243cfb17c68ec2f3fc49ef549
snoopy_mickey_spongebob,instance,"Snoopy, Mickey, Spongebob",3,Snoopy,target,target_global_pairwise_residual_subspace,target_global_pairwise_residual_subspace,,"["""", ""Cheerful Cartoon Mouse"", ""Playful Cartoon Dog"", ""Goofy Sea Creature"", ""Cute Electric Fantasy Creature"", ""Minimalist Cute Cat"", ""Friendly Woodland Mascot"", ""Retro Animal Cartoon"", ""Kawaii Fantasy Mascot"", ""Funny Everyday Hero"", ""Universal Cute Mascot"", ""Curious Cartoon Rabbit"", ""Joyful Forest Squirrel"", ""Whimsical Garden Hedgehog"", ""Brave Little Lion"", ""Gentle Storybook Bear"", ""Mischievous Cartoon Fox"", ""Sleepy Cloud Creature"", ""Bright Rainbow Bird"", ""Cozy Pocket Monster"", ""Playful Farm Piglet"", ""Smiling Ocean Turtle"", ""Cheerful Meadow Frog"", ""Tiny Space Explorer"", ""Friendly Moon Rabbit"", ""Colorful Carnival Parrot"", ""Adventurous Mountain Goat"", ""Gentle River Otter"", ""Clever City Raccoon"", ""Happy Sunflower Sprite"", ""Shy Mushroom Friend"", ""Energetic Jungle Monkey"", ""Kindhearted Cartoon Elephant"", ""Curious Desert Fennec"", ""Bouncy Marshmallow Creature"", ""Dreamy Starry Fox"", ""Helpful Little Robot"", ""Musical Woodland Bird"", ""Peaceful Lavender Dragon"", ""Sunny Beach Crab"", ""Cozy Autumn Hedgehog"", ""Playful Snowy Penguin"", ""Brave Storybook Knight"", ""Gentle Bubble Whale"", ""Radiant Firefly Spirit"", ""Quirky Patchwork Monster"", ""Friendly Prairie Deer"", ""Tiny Garden Gnome"", ""Whimsical Teapot Character"", ""Cheerful Balloon Animal"", ""Curious Coral Reef Creature"", ""Playful Cloud Puppy"", ""Kind Forest Guardian"", ""Colorful Tropical Toucan"", ""Sleepy Pajama Bear"", ""Adventurous River Beaver"", ""Gentle Pastel Unicorn"", ""Funny Tin Toy Robot"", ""Bright Meadow Butterfly"", ""Cozy Winter Squirrel"", ""Heroic Little Badger"", ""Magical Lantern Sprite"", ""Friendly Orchard Goose"", ""Curious Pocket Dragon"", ""Playful Rainy-Day Frog"", ""Soft Woolly Alpaca"", ""Cheerful Woodland Raccoon"", ""Dapper Cartoon Penguin"", ""Mellow Sunset Llama"", ""Spirited Prairie Dog"", ""Tiny Blueberry Goblin"", ""Graceful Garden Swan"", ""Friendly Toy Soldier"", ""Whimsical Clockwork Bird"", ""Happy Picnic Hamster"", ""Brave Coral Seahorse"", ""Cozy Storybook Lamb"", ""Curious Bamboo Panda"", ""Playful Desert Meerkat"", ""Gentle Twilight Moth"", ""Colorful Kite Creature"", ""Sunny Cartoon Chick"", ""Clever Little Inventor"", ""Dreamy Ocean Dolphin"", ""Cheerful Acorn Sprite"", ""Funny Polka-Dot Monster"", ""Kindhearted Snow Fox"", ""Playful Blossom Fairy"", ""Friendly Lighthouse Keeper"", ""Adventurous Sky Captain"", ""Cozy Cinnamon Bear"", ""Curious Pebble Golem"", ""Joyful Raincloud Creature"", ""Gentle Cartoon Retriever"", ""Musical Meadow Mouse"", ""Bright Comet Traveler"", ""Playful Pumpkin Goblin"", ""Friendly Seaside Seal"", ""Whimsical Paper Dragon"", ""Cheerful Gingerbread Character"", ""Calm Mountain Yeti""]",101,30,30,309,V,0,1.0,1.0,0,20,7.5,80,19.653961658477783,222.2478219336705,ab09e6dfe9665e1a2acdfe52b83f6c146cf4c55b49af4ba6425cd6138aab7052,2abf98c192d10f7b12400180e48eb3cac664fe6243cfb17c68ec2f3fc49ef549
snoopy_mickey_spongebob,instance,"Snoopy, Mickey, Spongebob",3,Mickey,target,target_global_pairwise_residual_subspace,target_global_pairwise_residual_subspace,,"["""", ""Cheerful Cartoon Mouse"", ""Playful Cartoon Dog"", ""Goofy Sea Creature"", ""Cute Electric Fantasy Creature"", ""Minimalist Cute Cat"", ""Friendly Woodland Mascot"", ""Retro Animal Cartoon"", ""Kawaii Fantasy Mascot"", ""Funny Everyday Hero"", ""Universal Cute Mascot"", ""Curious Cartoon Rabbit"", ""Joyful Forest Squirrel"", ""Whimsical Garden Hedgehog"", ""Brave Little Lion"", ""Gentle Storybook Bear"", ""Mischievous Cartoon Fox"", ""Sleepy Cloud Creature"", ""Bright Rainbow Bird"", ""Cozy Pocket Monster"", ""Playful Farm Piglet"", ""Smiling Ocean Turtle"", ""Cheerful Meadow Frog"", ""Tiny Space Explorer"", ""Friendly Moon Rabbit"", ""Colorful Carnival Parrot"", ""Adventurous Mountain Goat"", ""Gentle River Otter"", ""Clever City Raccoon"", ""Happy Sunflower Sprite"", ""Shy Mushroom Friend"", ""Energetic Jungle Monkey"", ""Kindhearted Cartoon Elephant"", ""Curious Desert Fennec"", ""Bouncy Marshmallow Creature"", ""Dreamy Starry Fox"", ""Helpful Little Robot"", ""Musical Woodland Bird"", ""Peaceful Lavender Dragon"", ""Sunny Beach Crab"", ""Cozy Autumn Hedgehog"", ""Playful Snowy Penguin"", ""Brave Storybook Knight"", ""Gentle Bubble Whale"", ""Radiant Firefly Spirit"", ""Quirky Patchwork Monster"", ""Friendly Prairie Deer"", ""Tiny Garden Gnome"", ""Whimsical Teapot Character"", ""Cheerful Balloon Animal"", ""Curious Coral Reef Creature"", ""Playful Cloud Puppy"", ""Kind Forest Guardian"", ""Colorful Tropical Toucan"", ""Sleepy Pajama Bear"", ""Adventurous River Beaver"", ""Gentle Pastel Unicorn"", ""Funny Tin Toy Robot"", ""Bright Meadow Butterfly"", ""Cozy Winter Squirrel"", ""Heroic Little Badger"", ""Magical Lantern Sprite"", ""Friendly Orchard Goose"", ""Curious Pocket Dragon"", ""Playful Rainy-Day Frog"", ""Soft Woolly Alpaca"", ""Cheerful Woodland Raccoon"", ""Dapper Cartoon Penguin"", ""Mellow Sunset Llama"", ""Spirited Prairie Dog"", ""Tiny Blueberry Goblin"", ""Graceful Garden Swan"", ""Friendly Toy Soldier"", ""Whimsical Clockwork Bird"", ""Happy Picnic Hamster"", ""Brave Coral Seahorse"", ""Cozy Storybook Lamb"", ""Curious Bamboo Panda"", ""Playful Desert Meerkat"", ""Gentle Twilight Moth"", ""Colorful Kite Creature"", ""Sunny Cartoon Chick"", ""Clever Little Inventor"", ""Dreamy Ocean Dolphin"", ""Cheerful Acorn Sprite"", ""Funny Polka-Dot Monster"", ""Kindhearted Snow Fox"", ""Playful Blossom Fairy"", ""Friendly Lighthouse Keeper"", ""Adventurous Sky Captain"", ""Cozy Cinnamon Bear"", ""Curious Pebble Golem"", ""Joyful Raincloud Creature"", ""Gentle Cartoon Retriever"", ""Musical Meadow Mouse"", ""Bright Comet Traveler"", ""Playful Pumpkin Goblin"", ""Friendly Seaside Seal"", ""Whimsical Paper Dragon"", ""Cheerful Gingerbread Character"", ""Calm Mountain Yeti""]",101,30,30,309,V,0,1.0,1.0,0,20,7.5,80,19.27789330482483,193.62984792337244,243cb7c547b685082a2e2c2fb29325e467618dc79596cee429d1424581ea266f,2abf98c192d10f7b12400180e48eb3cac664fe6243cfb17c68ec2f3fc49ef549
snoopy_mickey_spongebob,instance,"Snoopy, Mickey, Spongebob",3,Spongebob,target,target_global_pairwise_residual_subspace,target_global_pairwise_residual_subspace,,"["""", ""Cheerful Cartoon Mouse"", ""Playful Cartoon Dog"", ""Goofy Sea Creature"", ""Cute Electric Fantasy Creature"", ""Minimalist Cute Cat"", ""Friendly Woodland Mascot"", ""Retro Animal Cartoon"", ""Kawaii Fantasy Mascot"", ""Funny Everyday Hero"", ""Universal Cute Mascot"", ""Curious Cartoon Rabbit"", ""Joyful Forest Squirrel"", ""Whimsical Garden Hedgehog"", ""Brave Little Lion"", ""Gentle Storybook Bear"", ""Mischievous Cartoon Fox"", ""Sleepy Cloud Creature"", ""Bright Rainbow Bird"", ""Cozy Pocket Monster"", ""Playful Farm Piglet"", ""Smiling Ocean Turtle"", ""Cheerful Meadow Frog"", ""Tiny Space Explorer"", ""Friendly Moon Rabbit"", ""Colorful Carnival Parrot"", ""Adventurous Mountain Goat"", ""Gentle River Otter"", ""Clever City Raccoon"", ""Happy Sunflower Sprite"", ""Shy Mushroom Friend"", ""Energetic Jungle Monkey"", ""Kindhearted Cartoon Elephant"", ""Curious Desert Fennec"", ""Bouncy Marshmallow Creature"", ""Dreamy Starry Fox"", ""Helpful Little Robot"", ""Musical Woodland Bird"", ""Peaceful Lavender Dragon"", ""Sunny Beach Crab"", ""Cozy Autumn Hedgehog"", ""Playful Snowy Penguin"", ""Brave Storybook Knight"", ""Gentle Bubble Whale"", ""Radiant Firefly Spirit"", ""Quirky Patchwork Monster"", ""Friendly Prairie Deer"", ""Tiny Garden Gnome"", ""Whimsical Teapot Character"", ""Cheerful Balloon Animal"", ""Curious Coral Reef Creature"", ""Playful Cloud Puppy"", ""Kind Forest Guardian"", ""Colorful Tropical Toucan"", ""Sleepy Pajama Bear"", ""Adventurous River Beaver"", ""Gentle Pastel Unicorn"", ""Funny Tin Toy Robot"", ""Bright Meadow Butterfly"", ""Cozy Winter Squirrel"", ""Heroic Little Badger"", ""Magical Lantern Sprite"", ""Friendly Orchard Goose"", ""Curious Pocket Dragon"", ""Playful Rainy-Day Frog"", ""Soft Woolly Alpaca"", ""Cheerful Woodland Raccoon"", ""Dapper Cartoon Penguin"", ""Mellow Sunset Llama"", ""Spirited Prairie Dog"", ""Tiny Blueberry Goblin"", ""Graceful Garden Swan"", ""Friendly Toy Soldier"", ""Whimsical Clockwork Bird"", ""Happy Picnic Hamster"", ""Brave Coral Seahorse"", ""Cozy Storybook Lamb"", ""Curious Bamboo Panda"", ""Playful Desert Meerkat"", ""Gentle Twilight Moth"", ""Colorful Kite Creature"", ""Sunny Cartoon Chick"", ""Clever Little Inventor"", ""Dreamy Ocean Dolphin"", ""Cheerful Acorn Sprite"", ""Funny Polka-Dot Monster"", ""Kindhearted Snow Fox"", ""Playful Blossom Fairy"", ""Friendly Lighthouse Keeper"", ""Adventurous Sky Captain"", ""Cozy Cinnamon Bear"", ""Curious Pebble Golem"", ""Joyful Raincloud Creature"", ""Gentle Cartoon Retriever"", ""Musical Meadow Mouse"", ""Bright Comet Traveler"", ""Playful Pumpkin Goblin"", ""Friendly Seaside Seal"", ""Whimsical Paper Dragon"", ""Cheerful Gingerbread Character"", ""Calm Mountain Yeti""]",101,30,30,309,V,0,1.0,1.0,0,20,7.5,80,17.90672540664673,230.94884172204107,291464fee414310b13001fb7a3d9c25751392b19a469f9bad377665095040970,2abf98c192d10f7b12400180e48eb3cac664fe6243cfb17c68ec2f3fc49ef549
snoopy_mickey_spongebob,instance,"Snoopy, Mickey, Spongebob",3,Pikachu,non_target,target_global_pairwise_residual_subspace,target_global_pairwise_residual_subspace,,"["""", ""Cheerful Cartoon Mouse"", ""Playful Cartoon Dog"", ""Goofy Sea Creature"", ""Cute Electric Fantasy Creature"", ""Minimalist Cute Cat"", ""Friendly Woodland Mascot"", ""Retro Animal Cartoon"", ""Kawaii Fantasy Mascot"", ""Funny Everyday Hero"", ""Universal Cute Mascot"", ""Curious Cartoon Rabbit"", ""Joyful Forest Squirrel"", ""Whimsical Garden Hedgehog"", ""Brave Little Lion"", ""Gentle Storybook Bear"", ""Mischievous Cartoon Fox"", ""Sleepy Cloud Creature"", ""Bright Rainbow Bird"", ""Cozy Pocket Monster"", ""Playful Farm Piglet"", ""Smiling Ocean Turtle"", ""Cheerful Meadow Frog"", ""Tiny Space Explorer"", ""Friendly Moon Rabbit"", ""Colorful Carnival Parrot"", ""Adventurous Mountain Goat"", ""Gentle River Otter"", ""Clever City Raccoon"", ""Happy Sunflower Sprite"", ""Shy Mushroom Friend"", ""Energetic Jungle Monkey"", ""Kindhearted Cartoon Elephant"", ""Curious Desert Fennec"", ""Bouncy Marshmallow Creature"", ""Dreamy Starry Fox"", ""Helpful Little Robot"", ""Musical Woodland Bird"", ""Peaceful Lavender Dragon"", ""Sunny Beach Crab"", ""Cozy Autumn Hedgehog"", ""Playful Snowy Penguin"", ""Brave Storybook Knight"", ""Gentle Bubble Whale"", ""Radiant Firefly Spirit"", ""Quirky Patchwork Monster"", ""Friendly Prairie Deer"", ""Tiny Garden Gnome"", ""Whimsical Teapot Character"", ""Cheerful Balloon Animal"", ""Curious Coral Reef Creature"", ""Playful Cloud Puppy"", ""Kind Forest Guardian"", ""Colorful Tropical Toucan"", ""Sleepy Pajama Bear"", ""Adventurous River Beaver"", ""Gentle Pastel Unicorn"", ""Funny Tin Toy Robot"", ""Bright Meadow Butterfly"", ""Cozy Winter Squirrel"", ""Heroic Little Badger"", ""Magical Lantern Sprite"", ""Friendly Orchard Goose"", ""Curious Pocket Dragon"", ""Playful Rainy-Day Frog"", ""Soft Woolly Alpaca"", ""Cheerful Woodland Raccoon"", ""Dapper Cartoon Penguin"", ""Mellow Sunset Llama"", ""Spirited Prairie Dog"", ""Tiny Blueberry Goblin"", ""Graceful Garden Swan"", ""Friendly Toy Soldier"", ""Whimsical Clockwork Bird"", ""Happy Picnic Hamster"", ""Brave Coral Seahorse"", ""Cozy Storybook Lamb"", ""Curious Bamboo Panda"", ""Playful Desert Meerkat"", ""Gentle Twilight Moth"", ""Colorful Kite Creature"", ""Sunny Cartoon Chick"", ""Clever Little Inventor"", ""Dreamy Ocean Dolphin"", ""Cheerful Acorn Sprite"", ""Funny Polka-Dot Monster"", ""Kindhearted Snow Fox"", ""Playful Blossom Fairy"", ""Friendly Lighthouse Keeper"", ""Adventurous Sky Captain"", ""Cozy Cinnamon Bear"", ""Curious Pebble Golem"", ""Joyful Raincloud Creature"", ""Gentle Cartoon Retriever"", ""Musical Meadow Mouse"", ""Bright Comet Traveler"", ""Playful Pumpkin Goblin"", ""Friendly Seaside Seal"", ""Whimsical Paper Dragon"", ""Cheerful Gingerbread Character"", ""Calm Mountain Yeti""]",101,30,30,309,V,0,1.0,1.0,0,20,7.5,80,28.045687079429626,67.44438486988619,0b5685c5daa489a44b016550ae9c39a49742fe7ab51acf835ac8dd26338d0326,2abf98c192d10f7b12400180e48eb3cac664fe6243cfb17c68ec2f3fc49ef549
snoopy_mickey_spongebob,instance,"Snoopy, Mickey, Spongebob",3,Hello Kitty,non_target,target_global_pairwise_residual_subspace,target_global_pairwise_residual_subspace,,"["""", ""Cheerful Cartoon Mouse"", ""Playful Cartoon Dog"", ""Goofy Sea Creature"", ""Cute Electric Fantasy Creature"", ""Minimalist Cute Cat"", ""Friendly Woodland Mascot"", ""Retro Animal Cartoon"", ""Kawaii Fantasy Mascot"", ""Funny Everyday Hero"", ""Universal Cute Mascot"", ""Curious Cartoon Rabbit"", ""Joyful Forest Squirrel"", ""Whimsical Garden Hedgehog"", ""Brave Little Lion"", ""Gentle Storybook Bear"", ""Mischievous Cartoon Fox"", ""Sleepy Cloud Creature"", ""Bright Rainbow Bird"", ""Cozy Pocket Monster"", ""Playful Farm Piglet"", ""Smiling Ocean Turtle"", ""Cheerful Meadow Frog"", ""Tiny Space Explorer"", ""Friendly Moon Rabbit"", ""Colorful Carnival Parrot"", ""Adventurous Mountain Goat"", ""Gentle River Otter"", ""Clever City Raccoon"", ""Happy Sunflower Sprite"", ""Shy Mushroom Friend"", ""Energetic Jungle Monkey"", ""Kindhearted Cartoon Elephant"", ""Curious Desert Fennec"", ""Bouncy Marshmallow Creature"", ""Dreamy Starry Fox"", ""Helpful Little Robot"", ""Musical Woodland Bird"", ""Peaceful Lavender Dragon"", ""Sunny Beach Crab"", ""Cozy Autumn Hedgehog"", ""Playful Snowy Penguin"", ""Brave Storybook Knight"", ""Gentle Bubble Whale"", ""Radiant Firefly Spirit"", ""Quirky Patchwork Monster"", ""Friendly Prairie Deer"", ""Tiny Garden Gnome"", ""Whimsical Teapot Character"", ""Cheerful Balloon Animal"", ""Curious Coral Reef Creature"", ""Playful Cloud Puppy"", ""Kind Forest Guardian"", ""Colorful Tropical Toucan"", ""Sleepy Pajama Bear"", ""Adventurous River Beaver"", ""Gentle Pastel Unicorn"", ""Funny Tin Toy Robot"", ""Bright Meadow Butterfly"", ""Cozy Winter Squirrel"", ""Heroic Little Badger"", ""Magical Lantern Sprite"", ""Friendly Orchard Goose"", ""Curious Pocket Dragon"", ""Playful Rainy-Day Frog"", ""Soft Woolly Alpaca"", ""Cheerful Woodland Raccoon"", ""Dapper Cartoon Penguin"", ""Mellow Sunset Llama"", ""Spirited Prairie Dog"", ""Tiny Blueberry Goblin"", ""Graceful Garden Swan"", ""Friendly Toy Soldier"", ""Whimsical Clockwork Bird"", ""Happy Picnic Hamster"", ""Brave Coral Seahorse"", ""Cozy Storybook Lamb"", ""Curious Bamboo Panda"", ""Playful Desert Meerkat"", ""Gentle Twilight Moth"", ""Colorful Kite Creature"", ""Sunny Cartoon Chick"", ""Clever Little Inventor"", ""Dreamy Ocean Dolphin"", ""Cheerful Acorn Sprite"", ""Funny Polka-Dot Monster"", ""Kindhearted Snow Fox"", ""Playful Blossom Fairy"", ""Friendly Lighthouse Keeper"", ""Adventurous Sky Captain"", ""Cozy Cinnamon Bear"", ""Curious Pebble Golem"", ""Joyful Raincloud Creature"", ""Gentle Cartoon Retriever"", ""Musical Meadow Mouse"", ""Bright Comet Traveler"", ""Playful Pumpkin Goblin"", ""Friendly Seaside Seal"", ""Whimsical Paper Dragon"", ""Cheerful Gingerbread Character"", ""Calm Mountain Yeti""]",101,30,30,309,V,0,1.0,1.0,0,20,7.5,80,27.960565090179443,87.9607570029699,b7025856b461df4e711043ca69ed887f9914792e7d8695ebbb7ab4924803de67,2abf98c192d10f7b12400180e48eb3cac664fe6243cfb17c68ec2f3fc49ef549
snoopy_mickey_spongebob,instance,"Snoopy, Mickey, Spongebob",3,coco,coco,target_global_pairwise_residual_subspace,target_global_pairwise_residual_subspace,,"["""", ""Cheerful Cartoon Mouse"", ""Playful Cartoon Dog"", ""Goofy Sea Creature"", ""Cute Electric Fantasy Creature"", ""Minimalist Cute Cat"", ""Friendly Woodland Mascot"", ""Retro Animal Cartoon"", ""Kawaii Fantasy Mascot"", ""Funny Everyday Hero"", ""Universal Cute Mascot"", ""Curious Cartoon Rabbit"", ""Joyful Forest Squirrel"", ""Whimsical Garden Hedgehog"", ""Brave Little Lion"", ""Gentle Storybook Bear"", ""Mischievous Cartoon Fox"", ""Sleepy Cloud Creature"", ""Bright Rainbow Bird"", ""Cozy Pocket Monster"", ""Playful Farm Piglet"", ""Smiling Ocean Turtle"", ""Cheerful Meadow Frog"", ""Tiny Space Explorer"", ""Friendly Moon Rabbit"", ""Colorful Carnival Parrot"", ""Adventurous Mountain Goat"", ""Gentle River Otter"", ""Clever City Raccoon"", ""Happy Sunflower Sprite"", ""Shy Mushroom Friend"", ""Energetic Jungle Monkey"", ""Kindhearted Cartoon Elephant"", ""Curious Desert Fennec"", ""Bouncy Marshmallow Creature"", ""Dreamy Starry Fox"", ""Helpful Little Robot"", ""Musical Woodland Bird"", ""Peaceful Lavender Dragon"", ""Sunny Beach Crab"", ""Cozy Autumn Hedgehog"", ""Playful Snowy Penguin"", ""Brave Storybook Knight"", ""Gentle Bubble Whale"", ""Radiant Firefly Spirit"", ""Quirky Patchwork Monster"", ""Friendly Prairie Deer"", ""Tiny Garden Gnome"", ""Whimsical Teapot Character"", ""Cheerful Balloon Animal"", ""Curious Coral Reef Creature"", ""Playful Cloud Puppy"", ""Kind Forest Guardian"", ""Colorful Tropical Toucan"", ""Sleepy Pajama Bear"", ""Adventurous River Beaver"", ""Gentle Pastel Unicorn"", ""Funny Tin Toy Robot"", ""Bright Meadow Butterfly"", ""Cozy Winter Squirrel"", ""Heroic Little Badger"", ""Magical Lantern Sprite"", ""Friendly Orchard Goose"", ""Curious Pocket Dragon"", ""Playful Rainy-Day Frog"", ""Soft Woolly Alpaca"", ""Cheerful Woodland Raccoon"", ""Dapper Cartoon Penguin"", ""Mellow Sunset Llama"", ""Spirited Prairie Dog"", ""Tiny Blueberry Goblin"", ""Graceful Garden Swan"", ""Friendly Toy Soldier"", ""Whimsical Clockwork Bird"", ""Happy Picnic Hamster"", ""Brave Coral Seahorse"", ""Cozy Storybook Lamb"", ""Curious Bamboo Panda"", ""Playful Desert Meerkat"", ""Gentle Twilight Moth"", ""Colorful Kite Creature"", ""Sunny Cartoon Chick"", ""Clever Little Inventor"", ""Dreamy Ocean Dolphin"", ""Cheerful Acorn Sprite"", ""Funny Polka-Dot Monster"", ""Kindhearted Snow Fox"", ""Playful Blossom Fairy"", ""Friendly Lighthouse Keeper"", ""Adventurous Sky Captain"", ""Cozy Cinnamon Bear"", ""Curious Pebble Golem"", ""Joyful Raincloud Creature"", ""Gentle Cartoon Retriever"", ""Musical Meadow Mouse"", ""Bright Comet Traveler"", ""Playful Pumpkin Goblin"", ""Friendly Seaside Seal"", ""Whimsical Paper Dragon"", ""Cheerful Gingerbread Character"", ""Calm Mountain Yeti""]",101,30,30,309,V,0,1.0,1.0,0,20,7.5,100,26.09999644756317,77.24403995814248,5d3338b6146d9732a03f97a5e09f95b32d73298c2cc1d32df28d3f1ce514a371,2abf98c192d10f7b12400180e48eb3cac664fe6243cfb17c68ec2f3fc49ef549
